date,symbol,verdict,rank,first_day,phase,hit,sell,price,take_profit,stop,sell_by,status,outcome,exit_date,days,result,net,now,to_tp
2026-10-05,CLICL,Buy,1,False,Sideways,0.696,0.1255,46.6,48.93,41.48,2026-11-06,open,,,0,,,0.0,0.05
2026-10-05,SUNLIFEINS,Buy,2,False,Rising,0.6749,0.1902,59.7,62.68,53.05,2026-11-06,open,,,0,,,0.0,0.0499
2026-10-05,ISNLTD,Buy,3,False,"Sideways, slipping",0.6921,0.2108,48.5,50.92,42.68,2026-11-06,open,,,0,,,0.0,0.0499
2026-10-05,LOVELLO,Buy,4,False,"Sideways, slipping",0.648,0.1724,47.7,50.09,41.98,2026-11-06,open,,,0,,,0.0,0.0501
2026-10-05,MAGURAPLEX,Buy,5,False,Sideways,0.6575,0.2141,81.3,86.4,77.23,2026-11-06,open,,,0,,,0.0,0.0627
2026-10-05,MJLBD,Buy,6,True,Sideways,0.54,0.178,89.9,94.4,86.3,2026-11-06,open,,,0,,,0.0,0.0501
2026-10-05,UPGDCL,Buy,7,False,Sideways,0.5724,0.2152,113.0,118.65,109.47,2026-11-06,open,,,0,,,0.0,0.05
2026-10-05,KBPPWBIL,Buy,8,True,"Sideways, slipping",0.5264,0.19,34.2,35.91,30.1,2026-11-06,open,,,0,,,0.0,0.05
2026-10-05,PRAGATIINS,Buy,9,False,"Sideways, slipping",0.5855,0.2656,71.8,77.3,69.52,2026-11-06,open,,,0,,,0.0,0.0766
2026-10-05,OLYMPIC,Buy,10,False,Sideways,0.5351,0.2197,142.4,149.52,136.7,2026-11-06,open,,,0,,,0.0,0.05
2026-10-05,CVOPRL,Buy,11,False,Sideways,0.4825,0.1827,156.5,169.37,141.73,2026-11-06,open,,,0,,,0.0,0.0822
2026-10-05,AMCL(PRAN),Buy,12,False,Sideways,0.5367,0.2429,213.5,224.18,206.42,2026-11-06,open,,,0,,,0.0,0.05
2026-10-05,SHAHJABANK,Buy,13,False,Sideways,0.4756,0.192,17.2,18.06,16.51,2026-11-06,open,,,0,,,0.0,0.05
2026-10-05,JAMUNAOIL,Buy,14,False,Sideways,0.4119,0.1402,177.8,186.69,170.69,2026-11-06,open,,,0,,,0.0,0.05
2026-10-05,SQUARETEXT,Buy,15,True,Sideways,0.4968,0.2275,48.3,50.72,46.3,2026-11-06,open,,,0,,,0.0,0.0501
2026-10-05,KAY&QUE,Buy,16,False,"Rising, dipping",0.4769,0.2163,403.1,439.66,369.68,2026-11-06,open,,,0,,,0.0,0.0907
2026-10-05,KPPL,Buy,17,False,Sideways,0.4804,0.2219,13.7,15.65,12.37,2026-11-06,open,,,0,,,0.0,0.1423
2026-10-05,RELIANCE1,Buy,18,False,"Sideways, slipping",0.4916,0.235,12.3,13.06,11.09,2026-11-06,open,,,0,,,0.0,0.0618
2026-10-05,GRAMEENS2,Buy,19,False,"Sideways, slipping",0.5041,0.2597,11.9,12.54,11.47,2026-11-06,open,,,0,,,0.0,0.0538
2026-10-05,NTC,Buy,20,True,Sideways,0.538,0.3008,152.0,159.6,146.33,2026-11-06,open,,,0,,,0.0,0.05
2026-10-05,IBBLPBOND,Buy,21,True,Rising,0.3892,0.1705,669.0,702.45,589.6,2026-11-06,open,,,0,,,0.0,0.05
2026-10-05,ICB,Buy,22,False,"Sideways, lifting",0.4253,0.2134,42.3,47.01,37.81,2026-11-06,open,,,0,,,0.0,0.1113
2026-10-05,RANFOUNDRY,Buy,23,False,Sideways,0.5118,0.3107,148.2,155.61,142.27,2026-11-06,open,,,0,,,0.0,0.05
2026-10-05,ORIONPHARM,Buy,24,False,"Sideways, slipping",0.4183,0.2372,27.2,30.49,23.94,2026-11-06,open,,,0,,,0.0,0.121
2026-10-05,SBACBANK,Buy,25,False,Sideways,0.5046,0.3313,6.6,6.93,6.35,2026-11-06,open,,,0,,,0.0,0.05
2026-10-05,RAHIMAFOOD,Neutral,26,False,Sideways,0.7734,0.174,69.1,72.55,65.87,2026-11-06,open,,,0,,,0.0,0.0499
2026-10-05,TILIL,Neutral,27,False,Sideways,0.7259,0.1534,45.2,47.46,40.97,2026-11-06,open,,,0,,,0.0,0.05
2026-10-05,PENINSULA,Neutral,28,False,Falling,0.7363,0.1955,18.1,19.75,16.54,2026-11-06,open,,,0,,,0.0,0.0912
2026-10-05,MIRAKHTER,Neutral,29,False,"Sideways, slipping",0.7062,0.1665,32.0,33.6,29.59,2026-11-06,open,,,0,,,0.0,0.05
2026-10-05,MEGCONMILK,Neutral,30,False,"Falling, bouncing",0.7294,0.1938,30.8,32.34,27.7,2026-11-06,open,,,0,,,0.0,0.05
2026-10-05,SALAMCRST,Neutral,31,False,"Sideways, slipping",0.7243,0.1978,11.5,12.08,10.86,2026-11-06,open,,,0,,,0.0,0.0504
2026-10-05,ARAMIT,Neutral,32,False,Falling,0.7216,0.1971,171.3,179.86,156.69,2026-11-06,open,,,0,,,0.0,0.05
2026-10-05,TOSRIFA,Neutral,33,True,Sideways,0.6892,0.1684,18.9,19.84,17.31,2026-11-06,open,,,0,,,0.0,0.0497
2026-10-05,BBS,Neutral,34,False,Falling,0.7243,0.2117,10.5,11.07,9.54,2026-11-06,open,,,0,,,0.0,0.0543
2026-10-05,YPL,Neutral,35,False,"Sideways, slipping",0.6969,0.1852,19.4,20.37,17.07,2026-11-06,open,,,0,,,0.0,0.05
2026-10-05,BDTHAIFOOD,Neutral,36,False,Falling,0.7201,0.2145,17.8,18.69,15.79,2026-11-06,open,,,0,,,0.0,0.05
2026-10-05,PRAGATILIF,Neutral,37,True,Falling,0.7095,0.2089,134.3,141.02,123.84,2026-11-06,open,,,0,,,0.0,0.05
2026-10-05,SILCOPHL,Neutral,38,False,Falling,0.7143,0.2177,15.4,16.17,14.03,2026-11-06,open,,,0,,,0.0,0.05
2026-10-05,DELTALIFE,Neutral,39,True,Falling,0.6638,0.1706,69.9,74.49,66.8,2026-11-06,open,,,0,,,0.0,0.0657
2026-10-05,PROGRESLIF,Neutral,40,True,Sideways,0.6916,0.2078,35.6,37.38,33.33,2026-11-06,open,,,0,,,0.0,0.05
2026-10-05,VFSTDL,Neutral,41,True,Falling,0.7076,0.2267,12.2,12.81,11.1,2026-11-06,open,,,0,,,0.0,0.05
2026-10-05,AIL,Neutral,42,False,Falling,0.7087,0.2283,29.4,30.87,27.14,2026-11-06,open,,,0,,,0.0,0.05
2026-10-05,AFCAGRO,Neutral,43,False,Falling,0.7021,0.2285,5.6,5.88,5.1,2026-11-06,open,,,0,,,0.0,0.05
2026-10-05,ZAHEENSPIN,Neutral,44,False,Falling,0.6962,0.2245,4.7,4.94,4.26,2026-11-06,open,,,0,,,0.0,0.0511
2026-10-05,AL-HAJTEX,Neutral,45,True,Sideways,0.6385,0.1746,74.5,78.23,65.56,2026-11-06,open,,,0,,,0.0,0.0501
2026-10-05,ASIAINS,Neutral,46,False,Falling,0.6871,0.2265,39.4,41.96,37.97,2026-11-06,open,,,0,,,0.0,0.065
2026-10-05,FBFIF,Neutral,47,False,Sideways,0.6871,0.2334,3.4,3.57,3.27,2026-11-06,open,,,0,,,0.0,0.05
2026-10-05,SAIFPOWER,Neutral,48,False,Falling,0.6879,0.2346,6.7,7.04,5.94,2026-11-06,open,,,0,,,0.0,0.0507
2026-10-05,DGIC,Neutral,49,False,"Rising, dipping",0.6841,0.2322,40.9,42.94,36.4,2026-11-06,open,,,0,,,0.0,0.0499
2026-10-05,BDWELDING,Neutral,50,True,Falling,0.6633,0.2139,11.3,12.17,10.28,2026-11-06,open,,,0,,,0.0,0.077
2026-10-05,SHEPHERD,Neutral,51,True,Falling,0.6799,0.2353,11.9,12.5,10.74,2026-11-06,open,,,0,,,0.0,0.0504
2026-10-05,PRIMETEX,Neutral,52,True,Falling,0.6821,0.239,13.8,14.49,12.85,2026-11-06,open,,,0,,,0.0,0.05
2026-10-05,USMANIAGL,Neutral,53,False,Sideways,0.6867,0.2438,53.4,56.07,50.14,2026-11-06,open,,,0,,,0.0,0.05
2026-10-05,HAKKANIPUL,Neutral,54,False,Sideways,0.6612,0.2207,67.9,71.3,63.84,2026-11-06,open,,,0,,,0.0,0.0501
2026-10-05,CAPMIBBLMF,Neutral,55,False,Rising,0.6764,0.2386,17.0,17.85,15.22,2026-11-06,open,,,0,,,0.0,0.05
2026-10-05,ICBAGRANI1,Neutral,56,False,"Sideways, slipping",0.6582,0.2217,7.8,8.19,7.37,2026-11-06,open,,,0,,,0.0,0.05
2026-10-05,ICBEPMF1S1,Neutral,57,False,"Sideways, slipping",0.6426,0.2109,6.2,6.51,5.61,2026-11-06,open,,,0,,,0.0,0.05
2026-10-05,EIL,Neutral,58,False,Sideways,0.6519,0.2211,32.5,34.45,29.32,2026-11-06,open,,,0,,,0.0,0.06
2026-10-05,EXIM1STMF,Neutral,59,False,Falling,0.67,0.2393,6.2,6.51,5.46,2026-11-06,open,,,0,,,0.0,0.05
2026-10-05,ORIONINFU,Neutral,60,False,Turning down,0.6337,0.2044,231.2,242.76,203.46,2026-11-06,open,,,0,,,0.0,0.05
2026-10-05,CROWNCEMNT,Neutral,61,False,Sideways,0.6575,0.2319,57.4,61.0,54.22,2026-11-06,open,,,0,,,0.0,0.0627
2026-10-05,RUPALIINS,Neutral,62,False,Falling,0.67,0.2466,26.8,28.14,25.95,2026-11-06,open,,,0,,,0.0,0.05
2026-10-05,ZEALBANGLA,Neutral,63,False,Rising,0.658,0.2376,183.7,192.88,161.98,2026-11-06,open,,,0,,,0.0,0.05
2026-10-05,JANATAINS,Neutral,64,False,"Sideways, slipping",0.6577,0.2386,31.4,32.97,30.35,2026-11-06,open,,,0,,,0.0,0.05
2026-10-05,NORTHRNINS,Neutral,65,False,Falling,0.6553,0.2383,35.2,38.37,32.88,2026-11-06,open,,,0,,,0.0,0.0901
2026-10-05,MEGHNALIFE,Neutral,66,True,Falling,0.5978,0.1813,50.4,53.91,47.85,2026-11-06,open,,,0,,,0.0,0.0696
2026-10-05,SEMLIBBLSF,Neutral,67,False,"Sideways, slipping",0.6464,0.2304,7.8,8.19,7.56,2026-11-06,open,,,0,,,0.0,0.05
2026-10-05,RAHIMTEXT,Neutral,68,True,Sideways,0.5666,0.156,180.2,196.3,165.83,2026-11-06,open,,,0,,,0.0,0.0893
2026-10-05,EPGL,Neutral,69,False,Falling,0.6555,0.2451,15.6,16.86,14.76,2026-11-06,open,,,0,,,0.0,0.0808
2026-10-05,COPPERTECH,Neutral,70,False,Falling,0.6651,0.2562,20.4,21.42,18.66,2026-11-06,open,,,0,,,0.0,0.05
2026-10-05,EASTLAND,Neutral,71,False,Falling,0.6573,0.2501,26.6,27.93,25.28,2026-11-06,open,,,0,,,0.0,0.05
2026-10-05,REPUBLIC,Neutral,72,False,Falling,0.6652,0.2582,36.3,38.12,34.3,2026-11-06,open,,,0,,,0.0,0.0501
2026-10-05,DHAKAINS,Neutral,73,False,"Sideways, slipping",0.5856,0.1793,43.4,45.57,40.48,2026-11-06,open,,,0,,,0.0,0.05
2026-10-05,WATACHEM,Neutral,74,False,Falling,0.6519,0.2459,125.3,131.56,118.19,2026-11-06,open,,,0,,,0.0,0.05
2026-10-05,JUTESPINN,Neutral,75,False,Sideways,0.6588,0.2529,205.4,215.67,197.18,2026-11-06,open,,,0,,,0.0,0.05
2026-10-05,FAREASTLIF,Neutral,76,True,Falling,0.6631,0.2577,17.5,18.38,16.78,2026-11-06,open,,,0,,,0.0,0.0503
2026-10-05,DESCO,Neutral,77,False,Rising,0.6059,0.2045,23.4,24.57,21.37,2026-11-06,open,,,0,,,0.0,0.05
2026-10-05,RDFOOD,Neutral,78,True,Falling,0.6564,0.2558,22.0,23.1,21.17,2026-11-06,open,,,0,,,0.0,0.05
2026-10-05,CITYGENINS,Neutral,79,False,Rising,0.5673,0.1685,132.7,139.34,126.81,2026-11-06,open,,,0,,,0.0,0.05
2026-10-05,SAMATALETH,Neutral,80,False,Rising,0.6309,0.2328,96.4,105.91,84.83,2026-11-06,open,,,0,,,0.0,0.0987
2026-10-05,HAMI,Neutral,81,False,Sideways,0.6128,0.2149,148.4,162.64,137.75,2026-11-06,open,,,0,,,0.0,0.096
2026-10-05,VAMLRBBF,Neutral,82,False,Sideways,0.6233,0.2264,8.4,8.82,7.92,2026-11-06,open,,,0,,,0.0,0.05
2026-10-05,ASIAPACINS,Neutral,83,False,Falling,0.6459,0.2501,46.4,48.72,42.33,2026-11-06,open,,,0,,,0.0,0.05
2026-10-05,CENTRALINS,Neutral,84,False,"Sideways, slipping",0.6476,0.2546,41.8,44.23,40.24,2026-11-06,open,,,0,,,0.0,0.0581
2026-10-05,JMISMDL,Neutral,85,True,Falling,0.6477,0.2575,125.8,132.09,120.59,2026-11-06,open,,,0,,,0.0,0.05
2026-10-05,ECABLES,Neutral,86,False,Falling,0.6492,0.2595,116.0,121.8,108.62,2026-11-06,open,,,0,,,0.0,0.05
2026-10-05,ISLAMIINS,Neutral,87,False,Turning down,0.6379,0.2487,65.8,69.2,61.37,2026-11-06,open,,,0,,,0.0,0.0517
2026-10-05,APEXFOODS,Neutral,88,False,Rising,0.6158,0.227,311.5,327.08,274.12,2026-11-06,open,,,0,,,0.0,0.05
2026-10-05,BRACBANK,Neutral,89,False,Rising,0.5382,0.1505,65.0,68.25,61.46,2026-11-06,open,,,0,,,0.0,0.05
2026-10-05,IFIC1STMF,Neutral,90,False,"Sideways, slipping",0.6349,0.2529,3.8,4.06,3.49,2026-11-06,open,,,0,,,0.0,0.0684
2026-10-05,ABB1STMF,Neutral,91,False,"Sideways, slipping",0.6462,0.2654,3.5,3.68,3.35,2026-11-06,open,,,0,,,0.0,0.0514
2026-10-05,SONARBAINS,Neutral,92,False,Rising,0.5972,0.2187,41.0,45.84,37.33,2026-11-06,open,,,0,,,0.0,0.118
2026-10-05,HFL,Neutral,93,False,Falling,0.648,0.2703,11.2,11.76,10.16,2026-11-06,open,,,0,,,0.0,0.05
2026-10-05,CRYSTALINS,Neutral,94,False,"Sideways, slipping",0.5605,0.1848,65.7,73.66,58.36,2026-11-06,open,,,0,,,0.0,0.1212
2026-10-05,EASTERNINS,Neutral,95,False,"Sideways, slipping",0.5837,0.2107,60.4,66.03,54.83,2026-11-06,open,,,0,,,0.0,0.0932
2026-10-05,CONTININS,Neutral,96,False,Falling,0.6326,0.2613,31.3,33.74,28.86,2026-11-06,open,,,0,,,0.0,0.078
2026-10-05,FEDERALINS,Neutral,97,False,Falling,0.6325,0.2635,26.6,27.93,25.12,2026-11-06,open,,,0,,,0.0,0.05
2026-10-05,1JANATAMF,Neutral,98,False,"Sideways, slipping",0.638,0.2695,3.5,3.68,3.35,2026-11-06,open,,,0,,,0.0,0.0514
2026-10-05,PROVATIINS,Neutral,99,False,Falling,0.6057,0.2394,49.8,54.73,45.39,2026-11-06,open,,,0,,,0.0,0.099
2026-10-05,BIFC,Neutral,100,False,Falling,0.6434,0.2774,3.0,3.15,2.78,2026-11-06,open,,,0,,,0.0,0.05
2026-10-05,PRIME1ICBA,Neutral,101,False,"Rising, dipping",0.6162,0.2505,7.4,7.82,6.51,2026-11-06,open,,,0,,,0.0,0.0568
2026-10-05,ETL,Neutral,102,False,"Rising, dipping",0.6222,0.2601,15.0,15.75,13.61,2026-11-06,open,,,0,,,0.0,0.05
2026-10-05,MEGHNACEM,Neutral,103,True,Sideways,0.6208,0.2591,28.4,29.82,26.24,2026-11-06,open,,,0,,,0.0,0.05
2026-10-05,LRBDL,Neutral,104,False,Falling,0.6239,0.263,12.9,13.76,12.08,2026-11-06,open,,,0,,,0.0,0.0667
2026-10-05,SICL,Neutral,105,False,Falling,0.597,0.2371,35.0,37.82,32.2,2026-11-06,open,,,0,,,0.0,0.0806
2026-10-05,NCCBLMF1,Neutral,106,False,"Sideways, slipping",0.6146,0.2561,6.3,6.62,5.62,2026-11-06,open,,,0,,,0.0,0.0508
2026-10-05,GQBALLPEN,Neutral,107,False,Sideways,0.5976,0.2392,590.1,628.45,561.68,2026-11-06,open,,,0,,,0.0,0.065
2026-10-05,MEGHNAINS,Neutral,108,False,Falling,0.6236,0.2659,33.4,35.22,32.35,2026-11-06,open,,,0,,,0.0,0.0545
2026-10-05,CAPITECGBF,Neutral,109,False,"Sideways, slipping",0.6037,0.2463,8.5,9.01,7.99,2026-11-06,open,,,0,,,0.0,0.06
2026-10-05,MAKSONSPIN,Neutral,110,False,Falling,0.6345,0.2781,4.9,5.14,4.49,2026-11-06,open,,,0,,,0.0,0.049
2026-10-05,SINGERBD,Neutral,111,False,Turning down,0.5605,0.2043,76.6,80.43,71.01,2026-11-06,open,,,0,,,0.0,0.05
2026-10-05,ICICL,Neutral,112,False,"Sideways, slipping",0.605,0.2502,37.7,40.89,34.64,2026-11-06,open,,,0,,,0.0,0.0846
2026-10-05,NATLIFEINS,Neutral,113,True,Sideways,0.5327,0.1792,92.0,100.06,86.94,2026-11-06,open,,,0,,,0.0,0.0876
2026-10-05,NFML,Neutral,114,True,Falling,0.59,0.2403,14.1,15.44,12.57,2026-11-06,open,,,0,,,0.0,0.095
2026-10-05,GHAIL,Neutral,115,True,Falling,0.6195,0.2705,11.5,12.1,10.55,2026-11-06,open,,,0,,,0.0,0.0522
2026-10-05,SONALILIFE,Neutral,116,False,Rising,0.6115,0.2643,97.0,101.85,88.47,2026-11-06,open,,,0,,,0.0,0.05
2026-10-05,PADMALIFE,Neutral,117,True,Falling,0.6242,0.2773,15.5,16.28,14.66,2026-11-06,open,,,0,,,0.0,0.0503
2026-10-05,BEACONPHAR,Neutral,118,True,"Falling, bouncing",0.5853,0.2403,100.7,105.74,97.22,2026-11-06,open,,,0,,,0.0,0.05
2026-10-05,FORTUNE,Neutral,119,False,Falling,0.5976,0.2583,13.9,15.55,12.66,2026-11-06,open,,,0,,,0.0,0.1187
2026-10-05,LRGLOBMF1,Neutral,120,False,"Sideways, slipping",0.6008,0.2618,4.2,4.41,3.73,2026-11-06,open,,,0,,,0.0,0.05
2026-10-05,GREENDELMF,Neutral,121,False,"Sideways, slipping",0.6098,0.2713,4.5,4.73,4.21,2026-11-06,open,,,0,,,0.0,0.0511
2026-10-05,SANDHANINS,Neutral,122,False,Falling,0.6118,0.2742,23.7,25.23,22.57,2026-11-06,open,,,0,,,0.0,0.0646
2026-10-05,PRIMEFIN,Neutral,123,False,Falling,0.6196,0.2821,2.6,2.73,2.3,2026-11-06,open,,,0,,,0.0,0.05
2026-10-05,UNIONINS,Neutral,124,False,Sideways,0.5974,0.2608,47.9,50.3,44.72,2026-11-06,open,,,0,,,0.0,0.0501
2026-10-05,GOLDENSON,Neutral,125,False,Falling,0.5924,0.256,11.1,12.6,10.07,2026-11-06,open,,,0,,,0.0,0.1351
2026-10-05,SHARPIND,Neutral,126,True,Falling,0.6116,0.2762,17.4,18.27,15.31,2026-11-06,open,,,0,,,0.0,0.05
2026-10-05,BDTHAI,Neutral,127,False,Falling,0.5975,0.2628,13.5,14.18,12.05,2026-11-06,open,,,0,,,0.0,0.0504
2026-10-05,PRIMEINSUR,Neutral,128,False,Falling,0.6224,0.2881,47.0,49.35,45.4,2026-11-06,open,,,0,,,0.0,0.05
2026-10-05,PURABIGEN,Neutral,129,False,Falling,0.573,0.2402,27.4,28.77,26.12,2026-11-06,open,,,0,,,0.0,0.05
2026-10-05,STYLECRAFT,Neutral,130,True,Sideways,0.6154,0.2827,51.7,54.28,49.85,2026-11-06,open,,,0,,,0.0,0.0499
2026-10-05,ANLIMAYARN,Neutral,131,False,Falling,0.6199,0.2887,25.4,26.67,23.24,2026-11-06,open,,,0,,,0.0,0.05
2026-10-05,PRIMELIFE,Neutral,132,False,"Sideways, slipping",0.5342,0.2051,36.9,38.74,34.93,2026-11-06,open,,,0,,,0.0,0.0499
2026-10-05,DUTCHBANGL,Neutral,133,False,"Rising, dipping",0.4803,0.1517,45.5,47.78,42.61,2026-11-06,open,,,0,,,0.0,0.0501
2026-10-05,GHCL,Neutral,134,False,Falling,0.5932,0.266,19.0,20.69,17.63,2026-11-06,open,,,0,,,0.0,0.0889
2026-10-05,BDLAMPS,Neutral,135,False,Rising,0.6082,0.2844,262.4,275.52,239.86,2026-11-06,open,,,0,,,0.0,0.05
2026-10-05,FEKDIL,Neutral,136,False,Falling,0.5811,0.2579,20.2,21.96,18.21,2026-11-06,open,,,0,,,0.0,0.0871
2026-10-05,PREMIERLEA,Neutral,137,False,Falling,0.6106,0.2876,1.8,1.89,1.58,2026-11-06,open,,,0,,,0.0,0.05
2026-10-05,RUPALILIFE,Neutral,138,True,Falling,0.4922,0.1697,76.2,80.01,71.22,2026-11-06,open,,,0,,,0.0,0.05
2026-10-05,AGNISYSL,Neutral,139,False,Falling,0.6099,0.2879,25.7,26.98,23.74,2026-11-06,open,,,0,,,0.0,0.0498
2026-10-05,SPCERAMICS,Neutral,140,False,"Sideways, slipping",0.5768,0.2558,21.0,23.26,19.48,2026-11-06,open,,,0,,,0.0,0.1076
2026-10-05,HEIDELBCEM,Neutral,141,True,Falling,0.5715,0.2507,204.1,214.3,195.45,2026-11-06,open,,,0,,,0.0,0.05
2026-10-05,AIBL1STIMF,Neutral,142,False,"Sideways, slipping",0.6001,0.2796,5.7,5.98,5.16,2026-11-06,open,,,0,,,0.0,0.0491
2026-10-05,NAHEEACP,Neutral,143,False,Sideways,0.5515,0.2331,35.1,36.86,31.04,2026-11-06,open,,,0,,,0.0,0.0501
2026-10-05,ARAMITCEM,Neutral,144,True,"Falling, bouncing",0.6041,0.2857,10.9,11.76,10.15,2026-11-06,open,,,0,,,0.0,0.0789
2026-10-05,NTLTUBES,Neutral,145,True,Falling,0.6017,0.2837,59.8,62.79,56.1,2026-11-06,open,,,0,,,0.0,0.05
2026-10-05,MEGHNAPET,Neutral,146,False,"Rising, dipping",0.5766,0.261,74.0,78.82,65.12,2026-11-06,open,,,0,,,0.0,0.0651
2026-10-05,BNICL,Neutral,147,False,Turning down,0.5796,0.266,156.6,171.96,138.0,2026-11-06,open,,,0,,,0.0,0.0981
2026-10-05,SAFKOSPINN,Neutral,148,False,"Sideways, lifting",0.5941,0.2817,21.3,22.36,19.48,2026-11-06,open,,,0,,,0.0,0.0498
2026-10-05,QUASEMIND,Neutral,149,False,Falling,0.5896,0.278,37.7,39.59,35.26,2026-11-06,open,,,0,,,0.0,0.0501
2026-10-05,FAMILYTEX,Neutral,150,False,Falling,0.598,0.2873,2.2,2.31,2.01,2026-11-06,open,,,0,,,0.0,0.05
2026-10-05,AGRANINS,Neutral,151,False,"Sideways, slipping",0.4939,0.1843,27.6,28.98,25.62,2026-11-06,open,,,0,,,0.0,0.05
2026-10-05,EBLNRBMF,Neutral,152,False,"Sideways, slipping",0.6016,0.2937,3.4,3.66,3.26,2026-11-06,open,,,0,,,0.0,0.0765
2026-10-05,JHRML,Neutral,153,False,Falling,0.554,0.2462,41.4,43.47,37.96,2026-11-06,open,,,0,,,0.0,0.05
2026-10-05,BENGALWTL,Neutral,154,False,Falling,0.5499,0.2429,20.4,21.42,18.56,2026-11-06,open,,,0,,,0.0,0.05
2026-10-05,TAMIJTEX,Neutral,155,True,Falling,0.5942,0.2874,111.0,116.55,103.56,2026-11-06,open,,,0,,,0.0,0.05
2026-10-05,SILVAPHL,Neutral,156,False,Falling,0.5843,0.2777,11.5,12.08,10.58,2026-11-06,open,,,0,,,0.0,0.0504
2026-10-05,DELTASPINN,Neutral,157,False,Sideways,0.5558,0.2502,7.3,7.92,6.72,2026-11-06,open,,,0,,,0.0,0.0849
2026-10-05,NORTHERN,Neutral,158,True,Falling,0.5782,0.2731,95.0,105.19,88.9,2026-11-06,open,,,0,,,0.0,0.1073
2026-10-05,FINEFOODS,Neutral,159,False,"Sideways, lifting",0.4975,0.1931,461.0,499.2,423.72,2026-11-06,open,,,0,,,0.0,0.0829
2026-10-05,HRTEX,Neutral,160,False,Falling,0.5705,0.2665,16.2,17.01,15.01,2026-11-06,open,,,0,,,0.0,0.05
2026-10-05,ACFL,Neutral,161,False,Sideways,0.584,0.28,22.2,23.31,21.53,2026-11-06,open,,,0,,,0.0,0.05
2026-10-05,NEWLINE,Neutral,162,False,Falling,0.6008,0.2972,5.1,5.36,4.63,2026-11-06,open,,,0,,,0.0,0.051
2026-10-05,TECHNODRUG,Neutral,163,False,Falling,0.5779,0.2753,36.7,38.54,32.81,2026-11-06,open,,,0,,,0.0,0.0501
2026-10-05,ICBSONALI1,Neutral,164,False,Rising,0.5681,0.2662,8.1,8.51,7.13,2026-11-06,open,,,0,,,0.0,0.0506
2026-10-05,ICBAMCL2ND,Neutral,165,False,"Rising, dipping",0.5638,0.262,10.0,10.5,8.8,2026-11-06,open,,,0,,,0.0,0.05
2026-10-05,PHARMAID,Neutral,166,True,Falling,0.5653,0.2684,542.1,569.21,518.92,2026-11-06,open,,,0,,,0.0,0.05
2026-10-05,SEMLFBSLGF,Neutral,167,False,"Sideways, slipping",0.5958,0.2993,6.7,7.04,6.28,2026-11-06,open,,,0,,,0.0,0.0507
2026-10-05,SINOBANGLA,Neutral,168,False,Falling,0.5863,0.2909,46.0,48.3,43.05,2026-11-06,open,,,0,,,0.0,0.05
2026-10-05,GLOBALINS,Neutral,169,False,Falling,0.5623,0.2688,42.4,44.52,38.99,2026-11-06,open,,,0,,,0.0,0.05
2026-10-05,MONOSPOOL,Neutral,170,False,Sideways,0.5346,0.2425,103.8,108.99,96.57,2026-11-06,open,,,0,,,0.0,0.05
2026-10-05,DULAMIACOT,Neutral,171,False,Rising,0.5794,0.2884,211.7,222.65,192.74,2026-11-06,open,,,0,,,0.0,0.0517
2026-10-05,MALEKSPIN,Neutral,172,False,Sideways,0.5707,0.28,48.1,50.79,44.26,2026-11-06,open,,,0,,,0.0,0.0559
2026-10-05,PRIMEBANK,Neutral,173,False,Sideways,0.5112,0.222,28.2,29.61,27.07,2026-11-06,open,,,0,,,0.0,0.05
2026-10-05,BGIC,Neutral,174,False,"Sideways, slipping",0.5578,0.2703,40.7,42.74,38.53,2026-11-06,open,,,0,,,0.0,0.0501
2026-10-05,PLFSL,Neutral,175,False,Falling,0.5877,0.3013,1.7,1.78,1.57,2026-11-06,open,,,0,,,0.0,0.0471
2026-10-05,EGEN,Neutral,176,True,Falling,0.5721,0.2857,21.5,22.73,19.86,2026-11-06,open,,,0,,,0.0,0.0572
2026-10-05,GREENDELT,Neutral,177,False,Sideways,0.4926,0.2079,64.9,68.15,59.37,2026-11-06,open,,,0,,,0.0,0.0501
2026-10-05,RAKCERAMIC,Neutral,178,False,Falling,0.5649,0.2807,24.8,26.04,23.38,2026-11-06,open,,,0,,,0.0,0.05
2026-10-05,BEXGSUKUK,Neutral,179,False,"Sideways, lifting",0.4735,0.1892,71.0,74.55,68.72,2026-11-06,open,,,0,,,0.0,0.05
2026-10-05,DOMINAGE,Neutral,180,False,Sideways,0.4631,0.1791,64.5,67.73,59.07,2026-11-06,open,,,0,,,0.0,0.0501
2026-10-05,PHPMF1,Neutral,181,False,"Sideways, slipping",0.5813,0.2978,3.5,3.68,3.36,2026-11-06,open,,,0,,,0.0,0.0514
2026-10-05,PEOPLESINS,Neutral,182,False,"Sideways, slipping",0.5177,0.2354,59.1,62.06,55.4,2026-11-06,open,,,0,,,0.0,0.0501
2026-10-05,MTB,Neutral,183,False,Sideways,0.4424,0.1602,13.4,14.07,12.32,2026-11-06,open,,,0,,,0.0,0.05
2026-10-05,ALARABANK,Neutral,184,False,Falling,0.5629,0.2821,15.0,15.75,13.85,2026-11-06,open,,,0,,,0.0,0.05
2026-10-05,PF1STMF,Neutral,185,False,Rising,0.561,0.2814,17.5,18.38,15.4,2026-11-06,open,,,0,,,0.0,0.0503
2026-10-05,RELIANCINS,Neutral,186,False,"Sideways, slipping",0.5517,0.2723,101.2,110.07,95.4,2026-11-06,open,,,0,,,0.0,0.0876
2026-10-05,BEACHHATCH,Neutral,187,False,Falling,0.5867,0.3075,24.8,26.04,22.98,2026-11-06,open,,,0,,,0.0,0.05
2026-10-05,RSRMSTEEL,Neutral,188,False,Falling,0.591,0.312,5.9,6.2,5.5,2026-11-06,open,,,0,,,0.0,0.0508
2026-10-05,INTECH,Neutral,189,True,"Sideways, slipping",0.574,0.2973,22.9,24.04,21.74,2026-11-06,open,,,0,,,0.0,0.0498
2026-10-05,UNITEDINS,Neutral,190,False,"Sideways, slipping",0.571,0.2952,58.3,61.22,54.34,2026-11-06,open,,,0,,,0.0,0.0501
2026-10-05,SAIHAMTEX,Neutral,191,False,Rising,0.5796,0.3045,43.1,45.26,37.93,2026-11-06,open,,,0,,,0.0,0.0501
2026-10-05,SPCL,Neutral,192,False,Sideways,0.5016,0.2285,49.3,54.23,46.63,2026-11-06,open,,,0,,,0.0,0.1
2026-10-05,AMANFEED,Neutral,193,False,Falling,0.5337,0.2611,28.6,30.03,26.23,2026-11-06,open,,,0,,,0.0,0.05
2026-10-05,MATINSPINN,Neutral,194,False,Rising,0.5615,0.2895,72.9,76.55,65.74,2026-11-06,open,,,0,,,0.0,0.0501
2026-10-05,SONALIPAPR,Neutral,195,True,Sideways,0.5389,0.2675,218.2,232.38,206.57,2026-11-06,open,,,0,,,0.0,0.065
2026-10-05,DSHGARME,Neutral,196,False,Sideways,0.5759,0.3047,151.0,158.55,143.26,2026-11-06,open,,,0,,,0.0,0.05
2026-10-05,QUEENSOUTH,Neutral,197,False,Falling,0.5324,0.2616,13.2,14.93,11.96,2026-11-06,open,,,0,,,0.0,0.1311
2026-10-05,ZAHINTEX,Neutral,198,False,Sideways,0.5422,0.2724,7.4,7.77,6.51,2026-11-06,open,,,0,,,0.0,0.05
2026-10-05,PUBALIBANK,Neutral,199,False,Sideways,0.4787,0.2104,38.8,40.74,37.16,2026-11-06,open,,,0,,,0.0,0.05
2026-10-05,PIONEERINS,Neutral,200,False,"Sideways, slipping",0.4713,0.2048,66.1,69.4,61.3,2026-11-06,open,,,0,,,0.0,0.0499
2026-10-05,UNIQUEHRL,Neutral,201,False,Sideways,0.4375,0.1713,42.2,45.42,37.66,2026-11-06,open,,,0,,,0.0,0.0763
2026-10-05,ANWARGALV,Neutral,202,False,"Sideways, slipping",0.5383,0.2731,112.2,119.89,104.44,2026-11-06,open,,,0,,,0.0,0.0685
2026-10-05,MBL1STMF,Neutral,203,False,"Rising, dipping",0.5571,0.2951,10.5,11.02,9.24,2026-11-06,open,,,0,,,0.0,0.0495
2026-10-05,POPULAR1MF,Neutral,204,False,Sideways,0.5657,0.3067,3.5,3.68,3.36,2026-11-06,open,,,0,,,0.0,0.0514
2026-10-05,ABBANK,Neutral,205,False,Falling,0.532,0.2733,4.2,4.41,3.83,2026-11-06,open,,,0,,,0.0,0.05
2026-10-05,TITASGAS,Neutral,206,True,"Sideways, slipping",0.4969,0.2383,16.8,17.64,15.71,2026-11-06,open,,,0,,,0.0,0.05
2026-10-05,CNATEX,Neutral,207,False,Sideways,0.5516,0.2936,2.9,3.04,2.75,2026-11-06,open,,,0,,,0.0,0.0483
2026-10-05,DHAKABANK,Neutral,208,False,Falling,0.5287,0.2711,11.1,11.66,10.66,2026-11-06,open,,,0,,,0.0,0.0505
2026-10-05,TAKAFULINS,Neutral,209,False,Falling,0.5378,0.2807,50.6,53.13,45.3,2026-11-06,open,,,0,,,0.0,0.05
2026-10-05,NCCBANK,Neutral,210,False,Falling,0.5263,0.2697,14.1,14.8,13.54,2026-11-06,open,,,0,,,0.0,0.0496
2026-10-05,SIMTEX,Neutral,211,False,Sideways,0.5013,0.2451,24.4,25.62,22.86,2026-11-06,open,,,0,,,0.0,0.05
2026-10-05,FUWANGFOOD,Neutral,212,False,Falling,0.5707,0.3157,9.2,9.66,8.75,2026-11-06,open,,,0,,,0.0,0.05
2026-10-05,INDEXAGRO,Neutral,213,False,Sideways,0.4479,0.1943,69.9,75.72,62.86,2026-11-06,open,,,0,,,0.0,0.0833
2026-10-05,NHFIL,Neutral,214,False,Falling,0.5385,0.285,25.6,27.72,24.19,2026-11-06,open,,,0,,,0.0,0.0828
2026-10-05,ADNTEL,Neutral,215,True,Falling,0.5384,0.2857,55.6,58.38,52.53,2026-11-06,open,,,0,,,0.0,0.05
2026-10-05,SAMORITA,Neutral,216,False,Sideways,0.5512,0.2987,88.4,92.82,81.34,2026-11-06,open,,,0,,,0.0,0.05
2026-10-05,BBSCABLES,Neutral,217,True,Falling,0.536,0.2837,15.6,17.44,14.13,2026-11-06,open,,,0,,,0.0,0.1179
2026-10-05,FUWANGCER,Neutral,218,False,Falling,0.549,0.2977,11.9,12.95,10.87,2026-11-06,open,,,0,,,0.0,0.0882
2026-10-05,GPHISPAT,Neutral,219,True,Falling,0.5164,0.2654,15.5,16.28,14.25,2026-11-06,open,,,0,,,0.0,0.0503
2026-10-05,GBBPOWER,Neutral,220,False,Sideways,0.5593,0.3118,13.1,13.76,12.0,2026-11-06,open,,,0,,,0.0,0.0504
2026-10-05,KDSALTD,Neutral,221,False,Falling,0.5531,0.3064,42.2,44.31,39.88,2026-11-06,open,,,0,,,0.0,0.05
2026-10-05,BANGAS,Neutral,222,False,Falling,0.5639,0.3183,118.0,123.9,112.67,2026-11-06,open,,,0,,,0.0,0.05
2026-10-05,PHOENIXFIN,Neutral,223,False,Falling,0.5636,0.3187,3.1,3.26,2.86,2026-11-06,open,,,0,,,0.0,0.0516
2026-10-05,CAPMBDBLMF,Neutral,224,False,Sideways,0.4211,0.1763,7.2,7.56,6.48,2026-11-06,open,,,0,,,0.0,0.05
2026-10-05,AFTABAUTO,Neutral,225,False,Falling,0.5516,0.3079,25.5,26.78,24.07,2026-11-06,open,,,0,,,0.0,0.0502
2026-10-05,KTL,Neutral,226,False,Rising,0.5556,0.3137,14.3,15.02,13.08,2026-11-06,open,,,0,,,0.0,0.0503
2026-10-05,IBP,Neutral,227,False,Falling,0.5134,0.2747,13.8,14.49,12.64,2026-11-06,open,,,0,,,0.0,0.05
2026-10-05,1STPRIMFMF,Neutral,228,False,Turning down,0.5408,0.3028,30.6,32.13,26.93,2026-11-06,open,,,0,,,0.0,0.05
2026-10-05,TUNGHAI,Neutral,229,False,"Sideways, lifting",0.5504,0.3128,4.6,4.83,4.05,2026-11-06,open,,,0,,,0.0,0.05
2026-10-05,TRUSTB1MF,Neutral,230,False,"Sideways, slipping",0.5591,0.3218,3.6,3.78,3.46,2026-11-06,open,,,0,,,0.0,0.05
2026-10-05,BSCPLC,Neutral,231,False,Falling,0.4823,0.2464,142.0,149.1,136.32,2026-11-06,open,,,0,,,0.0,0.05
2026-10-05,REGENTTEX,Neutral,232,False,Falling,0.5378,0.3028,5.5,6.14,5.08,2026-11-06,open,,,0,,,0.0,0.1164
2026-10-05,DESHBANDHU,Neutral,233,True,Falling,0.5168,0.2826,16.2,18.23,14.79,2026-11-06,open,,,0,,,0.0,0.1253
2026-10-05,ATLASBANG,Neutral,234,False,Falling,0.5582,0.325,79.1,83.06,75.13,2026-11-06,open,,,0,,,0.0,0.0501
2026-10-05,ACI,Neutral,235,False,Falling,0.434,0.2028,181.4,190.47,173.1,2026-11-06,open,,,0,,,0.0,0.05
2026-10-05,MLDYEING,Neutral,236,False,Falling,0.5294,0.2991,10.4,11.68,9.36,2026-11-06,open,,,0,,,0.0,0.1231
2026-10-05,POPULARLIF,Neutral,237,False,Falling,0.5318,0.3021,53.6,56.28,50.46,2026-11-06,open,,,0,,,0.0,0.05
2026-10-05,CITYBANK,Neutral,238,False,Sideways,0.4246,0.1965,29.7,31.18,28.51,2026-11-06,open,,,0,,,0.0,0.0498
2026-10-05,MITHUNKNIT,Neutral,239,False,Falling,0.5569,0.3288,13.2,13.86,12.67,2026-11-06,open,,,0,,,0.0,0.05
2026-10-05,ACIFORMULA,Neutral,240,False,Sideways,0.5431,0.3164,148.1,155.5,139.22,2026-11-06,open,,,0,,,0.0,0.05
2026-10-05,UTTARAFIN,Neutral,241,False,Falling,0.5543,0.3278,11.3,11.87,10.66,2026-11-06,open,,,0,,,0.0,0.0504
2026-10-05,EBL1STMF,Neutral,242,False,"Rising, dipping",0.4809,0.255,4.5,4.85,4.03,2026-11-06,open,,,0,,,0.0,0.0778
2026-10-05,BPML,Neutral,243,False,"Sideways, slipping",0.4513,0.2267,25.0,26.25,24.05,2026-11-06,open,,,0,,,0.0,0.05
2026-10-05,NPOLYMER,Neutral,244,False,"Sideways, slipping",0.5129,0.2935,30.5,34.23,28.12,2026-11-06,open,,,0,,,0.0,0.1223
2026-10-05,BANKASIA,Neutral,245,False,Falling,0.4804,0.2679,16.3,17.12,15.65,2026-11-06,open,,,0,,,0.0,0.0503
2026-10-05,GENEXIL,Neutral,246,False,Falling,0.5221,0.3102,30.7,32.24,28.1,2026-11-06,open,,,0,,,0.0,0.0502
2026-10-05,MONNOFABR,Neutral,247,True,Falling,0.4835,0.2721,18.4,20.99,16.54,2026-11-06,open,,,0,,,0.0,0.1408
2026-10-05,ACMEPL,Neutral,248,False,Rising,0.5365,0.3252,25.8,27.09,23.78,2026-11-06,open,,,0,,,0.0,0.05
2026-10-05,IBNSINA,Neutral,249,False,"Sideways, slipping",0.3937,0.1825,308.3,323.72,295.97,2026-11-06,open,,,0,,,0.0,0.05
2026-10-05,ADVENT,Neutral,250,False,Falling,0.5344,0.3261,13.0,13.65,12.34,2026-11-06,open,,,0,,,0.0,0.05
2026-10-05,RUNNERAUTO,Neutral,251,False,Sideways,0.5271,0.3217,44.1,46.31,41.25,2026-11-06,open,,,0,,,0.0,0.0501
2026-10-05,GEMINISEA,Neutral,252,False,Falling,0.5386,0.3337,105.5,110.78,99.73,2026-11-06,open,,,0,,,0.0,0.05
2026-10-05,ALIF,Neutral,253,False,Falling,0.5352,0.331,4.9,5.14,4.59,2026-11-06,open,,,0,,,0.0,0.049
2026-10-05,MONNOAGML,Neutral,254,False,Falling,0.5274,0.324,298.4,313.32,283.74,2026-11-06,open,,,0,,,0.0,0.05
2026-10-05,APEXTANRY,Neutral,255,False,Falling,0.4909,0.2905,90.6,102.35,85.48,2026-11-06,open,,,0,,,0.0,0.1297
2026-10-05,DACCADYE,Neutral,256,True,Sideways,0.5082,0.3097,15.2,16.42,14.32,2026-11-06,open,,,0,,,0.0,0.0803
2026-10-05,GSPFINANCE,Neutral,257,False,Falling,0.5392,0.3414,3.2,3.36,2.93,2026-11-06,open,,,0,,,0.0,0.05
2026-10-05,ROBI,Neutral,258,False,Sideways,0.465,0.2691,30.0,31.5,28.8,2026-11-06,open,,,0,,,0.0,0.05
2026-10-05,SUMITPOWER,Neutral,259,False,"Sideways, slipping",0.5069,0.3152,15.1,15.86,14.5,2026-11-06,open,,,0,,,0.0,0.0503
2026-10-05,PHENIXINS,Neutral,260,False,"Sideways, slipping",0.5107,0.3205,46.5,48.82,44.8,2026-11-06,open,,,0,,,0.0,0.0499
2026-10-05,DBH1STMF,Neutral,261,False,"Sideways, slipping",0.5066,0.3167,5.3,5.56,4.93,2026-11-06,open,,,0,,,0.0,0.0491
2026-10-05,SEAPEARL,Neutral,262,True,Sideways,0.3784,0.1894,34.3,38.66,31.26,2026-11-06,open,,,0,,,0.0,0.1271
2026-10-05,BAYLEASING,Neutral,263,False,Falling,0.5322,0.344,4.0,4.2,3.72,2026-11-06,open,,,0,,,0.0,0.05
2026-10-05,MIDASFIN,Neutral,264,True,Falling,0.5322,0.3444,4.5,4.73,4.33,2026-11-06,open,,,0,,,0.0,0.0511
2026-10-05,MERCINS,Neutral,265,False,"Sideways, slipping",0.4796,0.2928,49.1,53.26,44.18,2026-11-06,open,,,0,,,0.0,0.0847
2026-10-05,DOREENPWR,Neutral,266,False,Sideways,0.3972,0.2107,30.9,34.75,27.71,2026-11-06,open,,,0,,,0.0,0.1246
2026-10-05,NURANI,Neutral,267,False,Sideways,0.5176,0.3321,2.8,3.08,2.65,2026-11-06,open,,,0,,,0.0,0.1
2026-10-05,SONALIANSH,Neutral,268,False,Rising,0.4487,0.2641,225.9,241.05,209.88,2026-11-06,open,,,0,,,0.0,0.0671
2026-10-05,APEXSPINN,Neutral,269,True,"Rising, dipping",0.4639,0.2802,378.0,405.21,332.64,2026-11-06,open,,,0,,,0.0,0.072
2026-10-05,LINDEBD,Neutral,270,False,Falling,0.4129,0.2292,664.3,697.52,637.73,2026-11-06,open,,,0,,,0.0,0.05
2026-10-05,MIRACLEIND,Neutral,271,False,Falling,0.5286,0.3496,24.8,26.04,23.64,2026-11-06,open,,,0,,,0.0,0.05
2026-10-05,OIMEX,Neutral,272,False,Falling,0.4786,0.3003,13.2,13.86,12.1,2026-11-06,open,,,0,,,0.0,0.05
2026-10-05,BDAUTOCA,Neutral,273,False,Sideways,0.4296,0.2514,187.7,214.12,169.23,2026-11-06,open,,,0,,,0.0,0.1408
2026-10-05,NRBBANK,Neutral,274,False,"Sideways, lifting",0.5117,0.3348,6.7,7.04,6.35,2026-11-06,open,,,0,,,0.0,0.0507
2026-10-05,FARCHEM,Neutral,275,False,Sideways,0.4651,0.2959,15.3,16.07,14.18,2026-11-06,open,,,0,,,0.0,0.0503
2026-10-05,APOLOISPAT,Neutral,276,False,Falling,0.5163,0.3476,2.6,2.73,2.43,2026-11-06,open,,,0,,,0.0,0.05
2026-10-05,NBL,Neutral,277,False,Falling,0.4789,0.3105,3.2,3.36,2.94,2026-11-06,open,,,0,,,0.0,0.05
2026-10-05,BDFINANCE,Neutral,278,False,Falling,0.5041,0.3377,10.8,11.34,10.15,2026-11-06,open,,,0,,,0.0,0.05
2026-10-05,BSRMLTD,Neutral,279,False,Falling,0.4884,0.3241,93.7,98.38,89.95,2026-11-06,open,,,0,,,0.0,0.0499
2026-10-05,SKTRIMS,Neutral,280,False,"Sideways, lifting",0.4526,0.2894,13.4,14.36,11.89,2026-11-06,open,,,0,,,0.0,0.0716
2026-10-05,IFILISLMF1,Neutral,281,True,Turning down,0.428,0.2654,5.8,6.34,5.11,2026-11-06,open,,,0,,,0.0,0.0931
2026-10-05,RUPALIBANK,Neutral,282,False,Sideways,0.5017,0.3396,16.7,17.54,16.03,2026-11-06,open,,,0,,,0.0,0.0503
2026-10-05,SIPLC,Neutral,283,False,Turning down,0.4409,0.2798,142.0,158.7,124.96,2026-11-06,open,,,0,,,0.0,0.1176
2026-10-05,NITOLINS,Neutral,284,False,Sideways,0.4947,0.3345,55.9,60.59,52.94,2026-11-06,open,,,0,,,0.0,0.0839
2026-10-05,MHSML,Neutral,285,True,Falling,0.4381,0.2786,19.1,20.06,18.45,2026-11-06,open,,,0,,,0.0,0.0503
2026-10-05,PADMAOIL,Neutral,286,False,Sideways,0.3158,0.1564,193.9,203.6,186.14,2026-11-06,open,,,0,,,0.0,0.05
2026-10-05,STANCERAM,Neutral,287,False,Sideways,0.4845,0.3261,64.1,68.99,59.12,2026-11-06,open,,,0,,,0.0,0.0763
2026-10-05,SOUTHEASTB,Neutral,288,False,Falling,0.3904,0.233,11.2,11.76,10.13,2026-11-06,open,,,0,,,0.0,0.05
2026-10-05,ENVOYTEX,Neutral,289,False,Sideways,0.4855,0.3283,71.5,75.08,68.66,2026-11-06,open,,,0,,,0.0,0.0501
2026-10-05,STANDARINS,Neutral,290,False,"Sideways, slipping",0.4699,0.3154,49.2,55.04,47.15,2026-11-06,open,,,0,,,0.0,0.1187
2026-10-05,MERCANBANK,Neutral,291,False,Falling,0.4939,0.3396,6.2,6.51,5.83,2026-11-06,open,,,0,,,0.0,0.05
2026-10-05,PARAMOUNT,Neutral,292,False,"Sideways, slipping",0.4052,0.2524,61.6,69.3,56.09,2026-11-06,open,,,0,,,0.0,0.125
2026-10-05,BSRMSTEEL,Neutral,293,False,Falling,0.4639,0.3125,83.0,87.15,78.49,2026-11-06,open,,,0,,,0.0,0.05
2026-10-05,AOL,Neutral,294,False,Rising,0.4806,0.3296,18.0,19.11,16.57,2026-11-06,open,,,0,,,0.0,0.0617
2026-10-05,POWERGRID,Neutral,295,False,Falling,0.4914,0.3443,36.9,38.74,35.42,2026-11-06,open,,,0,,,0.0,0.0499
2026-10-05,AAMRANET,Neutral,296,False,Rising,0.3616,0.215,18.7,20.25,17.1,2026-11-06,open,,,0,,,0.0,0.0829
2026-10-05,KOHINOOR,Neutral,297,False,Falling,0.3479,0.2026,516.7,542.54,496.03,2026-11-06,open,,,0,,,0.0,0.05
2026-10-05,ACTIVEFINE,Neutral,298,False,Falling,0.504,0.3614,5.1,5.36,4.81,2026-11-06,open,,,0,,,0.0,0.051
2026-10-05,ESQUIRENIT,Neutral,299,False,Falling,0.3818,0.2393,22.9,25.84,21.92,2026-11-06,open,,,0,,,0.0,0.1284
2026-10-05,NAVANAPHAR,Neutral,300,False,Falling,0.4446,0.3036,61.1,64.16,56.93,2026-11-06,open,,,0,,,0.0,0.0501
2026-10-05,SALVO,Neutral,301,True,Falling,0.4323,0.2934,29.1,32.84,28.11,2026-11-06,open,,,0,,,0.0,0.1285
2026-10-05,GP,Neutral,302,False,Sideways,0.3573,0.2191,240.2,252.21,230.59,2026-11-06,open,,,0,,,0.0,0.05
2026-10-05,OAL,Neutral,303,False,Falling,0.5051,0.3669,5.8,6.09,5.5,2026-11-06,open,,,0,,,0.0,0.05
2026-10-05,AAMRATECH,Neutral,304,False,Falling,0.4815,0.3457,16.3,17.72,15.3,2026-11-06,open,,,0,,,0.0,0.0871
2026-10-05,TALLUSPIN,Neutral,305,False,Falling,0.484,0.3503,6.6,7.2,6.13,2026-11-06,open,,,0,,,0.0,0.0909
2026-10-05,RECKITTBEN,Neutral,306,False,Sideways,0.2892,0.158,3252.4,3415.02,3122.3,2026-11-06,open,,,0,,,0.0,0.05
2026-10-05,CENTRALPHL,Neutral,307,False,Falling,0.4586,0.3343,8.7,9.14,8.07,2026-11-06,open,,,0,,,0.0,0.0506
2026-10-05,TRUSTBANK,Neutral,308,False,Falling,0.4558,0.3318,13.3,13.97,12.77,2026-11-06,open,,,0,,,0.0,0.0504
2026-10-05,RENWICKJA,Neutral,309,False,Falling,0.4858,0.3621,701.3,736.36,668.56,2026-11-06,open,,,0,,,0.0,0.05
2026-10-05,BXPHARMA,Neutral,310,False,Falling,0.3898,0.2663,142.8,149.94,137.09,2026-11-06,open,,,0,,,0.0,0.05
2026-10-05,ARGONDENIM,Neutral,311,True,"Falling, bouncing",0.4409,0.3184,21.4,22.47,20.34,2026-11-06,open,,,0,,,0.0,0.05
2026-10-05,HWAWELLTEX,Neutral,312,False,"Sideways, lifting",0.4673,0.3459,48.1,50.89,44.63,2026-11-06,open,,,0,,,0.0,0.058
2026-10-05,ITC,Neutral,313,False,Falling,0.4701,0.3504,41.6,43.68,39.32,2026-11-06,open,,,0,,,0.0,0.05
2026-10-05,MPETROLEUM,Neutral,314,False,Sideways,0.254,0.1354,205.2,215.46,196.99,2026-11-06,open,,,0,,,0.0,0.05
2026-10-05,ISLAMIBANK,Neutral,315,False,Falling,0.4704,0.3535,26.0,27.3,24.96,2026-11-06,open,,,0,,,0.0,0.05
2026-10-05,BEXIMCO,Neutral,316,False,Sideways,0.4491,0.3325,19.9,20.9,17.74,2026-11-06,open,,,0,,,0.0,0.0503
2026-10-05,ACMELAB,Neutral,317,False,Sideways,0.4057,0.2897,76.9,80.74,73.82,2026-11-06,open,,,0,,,0.0,0.0499
2026-10-05,UTTARABANK,Neutral,318,False,Sideways,0.3049,0.1911,20.6,21.63,19.78,2026-11-06,open,,,0,,,0.0,0.05
2026-10-05,GLDNJMF,Neutral,319,False,Sideways,0.3925,0.2808,8.7,10.0,7.75,2026-11-06,open,,,0,,,0.0,0.1494
2026-10-05,WMSHIPYARD,Neutral,320,False,Falling,0.483,0.3733,8.1,8.51,7.68,2026-11-06,open,,,0,,,0.0,0.0506
2026-10-05,NAVANACNG,Neutral,321,False,Falling,0.4615,0.3547,19.3,20.26,18.28,2026-11-06,open,,,0,,,0.0,0.0497
2026-10-05,JAMUNABANK,Neutral,322,False,Falling,0.3981,0.2943,22.9,24.06,21.98,2026-11-06,open,,,0,,,0.0,0.0507
2026-10-05,DSSL,Neutral,323,False,Falling,0.4474,0.3442,10.5,11.78,9.66,2026-11-06,open,,,0,,,0.0,0.1219
2026-10-05,MARICO,Neutral,324,False,Sideways,0.2693,0.1662,2660.8,2793.84,2554.37,2026-11-06,open,,,0,,,0.0,0.05
2026-10-05,IBBL2PBOND,Neutral,325,False,Sideways,0.2516,0.1539,3966.5,4164.82,3807.84,2026-11-06,open,,,0,,,0.0,0.05
2026-10-05,MIDLANDBNK,Neutral,326,True,Sideways,0.4657,0.3688,16.5,17.32,15.98,2026-11-06,open,,,0,,,0.0,0.0497
2026-10-05,LHB,Neutral,327,False,Sideways,0.3906,0.2999,52.2,56.03,50.0,2026-11-06,open,,,0,,,0.0,0.0734
2026-10-05,SQURPHARMA,Neutral,328,False,Sideways,0.2738,0.1837,217.6,228.48,208.9,2026-11-06,open,,,0,,,0.0,0.05
2026-10-05,WALTONHIL,Neutral,329,False,"Sideways, slipping",0.3742,0.2854,331.7,348.28,318.43,2026-11-06,open,,,0,,,0.0,0.05
2026-10-05,BATASHOE,Neutral,330,False,Sideways,0.2785,0.1905,883.0,927.15,847.68,2026-11-06,open,,,0,,,0.0,0.05
2026-10-05,PDL,Neutral,331,False,Sideways,0.4636,0.3757,5.4,5.87,5.09,2026-11-06,open,,,0,,,0.0,0.087
2026-10-05,SHURWID,Neutral,332,False,Falling,0.4664,0.3815,5.6,5.88,5.25,2026-11-06,open,,,0,,,0.0,0.05
2026-10-05,RINGSHINE,Neutral,333,False,Sideways,0.3903,0.3086,3.7,4.16,3.38,2026-11-06,open,,,0,,,0.0,0.1243
2026-10-05,STANDBANKL,Neutral,334,False,Sideways,0.4558,0.3753,4.3,4.51,4.03,2026-11-06,open,,,0,,,0.0,0.0488
2026-10-05,ISLAMICFIN,Neutral,335,False,Falling,0.4637,0.3854,10.3,10.82,9.89,2026-11-06,open,,,0,,,0.0,0.0505
2026-10-05,KPCL,Neutral,336,False,Falling,0.4433,0.3679,10.2,11.13,9.63,2026-11-06,open,,,0,,,0.0,0.0912
2026-10-05,UNILEVERCL,Neutral,337,False,Sideways,0.2383,0.1668,1975.2,2073.96,1896.19,2026-11-06,open,,,0,,,0.0,0.05
2026-10-05,UCB,Neutral,338,False,Sideways,0.2853,0.2152,8.6,9.03,7.99,2026-11-06,open,,,0,,,0.0,0.05
2026-10-05,BDCOM,Neutral,339,False,Falling,0.4009,0.3324,27.1,28.46,25.2,2026-11-06,open,,,0,,,0.0,0.0502
2026-10-05,PBLPBOND,Neutral,340,False,Rising,0.2385,0.1708,4900.0,5145.0,4491.46,2026-11-06,open,,,0,,,0.0,0.05
2026-10-05,ONEBANKPLC,Neutral,341,False,Falling,0.4362,0.3701,7.1,7.75,6.7,2026-11-06,open,,,0,,,0.0,0.0915
2026-10-05,PREMIERCEM,Neutral,342,False,Sideways,0.3961,0.3312,41.5,46.36,39.32,2026-11-06,open,,,0,,,0.0,0.1171
2026-10-05,SJIBLPBOND,Neutral,343,False,Sideways,0.2215,0.1575,4700.0,4935.0,4512.0,2026-11-06,open,,,0,,,0.0,0.05
2026-10-05,BERGERPBL,Neutral,344,False,Falling,0.2558,0.1921,1456.0,1528.8,1390.02,2026-11-06,open,,,0,,,0.0,0.05
2026-10-05,AMBEEPHA,Neutral,345,False,Sideways,0.4282,0.3661,740.8,777.84,711.17,2026-11-06,open,,,0,,,0.0,0.05
2026-10-05,SSSTEEL,Neutral,346,False,Falling,0.4407,0.3798,5.6,6.17,5.25,2026-11-06,open,,,0,,,0.0,0.1018
2026-10-05,MONNOCERA,Neutral,347,False,Sideways,0.3458,0.2901,81.4,85.47,77.17,2026-11-06,open,,,0,,,0.0,0.05
2026-10-05,INTRACO,Neutral,348,True,"Sideways, lifting",0.4309,0.3866,23.4,24.57,21.01,2026-11-06,open,,,0,,,0.0,0.05
2026-10-05,BARKAPOWER,Neutral,349,False,Falling,0.4445,0.4027,9.6,10.08,9.12,2026-11-06,open,,,0,,,0.0,0.05
2026-10-05,AIBLPBOND,Neutral,350,False,Rising,0.1775,0.1378,4200.0,4410.0,3890.25,2026-11-06,open,,,0,,,0.0,0.05
2026-10-05,RENATA,Neutral,351,False,Falling,0.3711,0.3328,443.1,465.26,425.38,2026-11-06,open,,,0,,,0.0,0.05
2026-10-05,GENNEXT,Neutral,352,False,"Sideways, lifting",0.4349,0.4036,2.9,3.07,2.78,2026-11-06,open,,,0,,,0.0,0.0586
2026-10-05,BSC,Neutral,353,False,Falling,0.3558,0.3249,108.0,113.4,103.5,2026-11-06,open,,,0,,,0.0,0.05
2026-10-05,LANKABAFIN,Neutral,354,False,Falling,0.4145,0.3875,13.9,14.97,13.19,2026-11-06,open,,,0,,,0.0,0.077
2026-10-05,CONFIDCEM,Neutral,355,False,Falling,0.3719,0.3499,58.1,64.35,56.02,2026-11-06,open,,,0,,,0.0,0.1076
2026-10-05,BESTHLDNG,Neutral,356,False,"Sideways, slipping",0.349,0.3356,14.2,15.7,13.16,2026-11-06,open,,,0,,,0.0,0.1056
2026-10-05,LIBRAINFU,Neutral,357,False,Falling,0.4129,0.4023,557.9,585.79,535.58,2026-11-06,open,,,0,,,0.0,0.05
2026-10-05,SAIHAMCOT,Neutral,358,True,Falling,0.3774,0.3698,22.3,23.42,19.9,2026-11-06,open,,,0,,,0.0,0.0502
2026-10-05,IFADAUTOS,Neutral,359,False,Sideways,0.3606,0.3558,23.2,25.23,21.96,2026-11-06,open,,,0,,,0.0,0.0875
2026-10-05,MTBPBOND,Neutral,360,True,Sideways,0.0434,0.0428,1000000.0,1050000.0,960000.0,2026-11-06,open,,,0,,,0.0,0.05
2026-10-05,LHBL,Neutral,361,False,Sideways,0.0192,0.02,57.5,60.38,55.2,2026-11-06,open,,,0,,,0.0,0.0501
2026-10-05,RNSPIN,Neutral,362,False,Sideways,0.0146,0.0186,14.9,15.65,14.3,2026-11-06,open,,,0,,,0.0,0.0503
2026-10-05,METROSPIN,Neutral,363,False,Sideways,0.3907,0.3952,9.7,10.18,9.28,2026-11-06,open,,,0,,,0.0,0.0495
2026-10-05,BATBC,Neutral,364,False,Falling,0.3254,0.3349,221.0,232.05,212.16,2026-11-06,open,,,0,,,0.0,0.05
2026-10-05,PREBPBOND,Neutral,365,False,Sideways,0.1045,0.1143,4465.0,4688.25,4286.4,2026-11-06,open,,,0,,,0.0,0.05
2026-10-05,SEMLLECMF,Neutral,366,False,Sideways,0.0151,0.0332,7.4,7.77,7.1,2026-11-06,open,,,0,,,0.0,0.05
2026-10-05,PAPERPROC,Neutral,367,False,Sideways,0.0137,0.0322,92.2,96.81,88.51,2026-11-06,open,,,0,,,0.0,0.05
2026-10-05,GIB,Neutral,368,False,Sideways,0.0197,0.0423,1.7,1.78,1.63,2026-11-06,open,,,0,,,0.0,0.0471
2026-10-05,IFIC,Neutral,369,False,"Sideways, lifting",0.3723,0.3981,4.9,5.15,4.55,2026-11-06,open,,,0,,,0.0,0.051
2026-10-05,FIRSTSBANK,Neutral,370,False,Sideways,0.0187,0.0486,1.9,2.0,1.82,2026-11-06,open,,,0,,,0.0,0.0526
2026-10-05,EXIMBANK,Neutral,371,False,Sideways,0.0305,0.0626,3.0,3.15,2.88,2026-11-06,open,,,0,,,0.0,0.05
2026-10-05,ICBIBANK,Neutral,372,False,"Sideways, lifting",0.3479,0.3842,2.6,2.77,2.48,2026-11-06,open,,,0,,,0.0,0.0654
2026-10-05,UNIONBANK,Neutral,373,False,Sideways,0.0233,0.0613,1.5,1.58,1.44,2026-11-06,open,,,0,,,0.0,0.0533
2026-10-05,UNIONCAP,Neutral,374,False,Falling,0.398,0.4395,4.0,4.2,3.78,2026-11-06,open,,,0,,,0.0,0.05
2026-10-05,SIBL,Neutral,375,False,Sideways,0.0245,0.0666,3.0,3.15,2.88,2026-11-06,open,,,0,,,0.0,0.05
2026-10-05,APSCLBOND,Neutral,376,False,Sideways,0.1591,0.2072,1060.0,1115.73,1001.32,2026-11-06,open,,,0,,,0.0,0.0526
2026-10-05,SEB1PBOND,Neutral,377,False,Falling,0.1764,0.2607,4380.0,4599.0,4204.8,2026-11-06,open,,,0,,,0.0,0.05
2026-10-05,ICB3RDNRB,Sell,378,True,"Sideways, slipping",0.3914,0.2453,6.0,6.83,5.29,2026-11-06,open,,,0,,,0.0,0.1383
2026-10-05,KARNAPHULI,Sell,379,False,Falling,0.4981,0.3652,52.3,54.92,49.4,2026-11-06,open,,,0,,,0.0,0.0501
2026-10-05,PTL,Sell,380,False,Rising,0.4236,0.2952,82.3,86.42,75.23,2026-11-06,open,,,0,,,0.0,0.0501
2026-10-05,NRBCBANK,Sell,381,True,Sideways,0.4792,0.3576,9.1,9.56,8.69,2026-11-06,open,,,0,,,0.0,0.0505
2026-10-05,ASIATICLAB,Sell,382,True,Sideways,0.4322,0.3181,106.5,118.92,100.66,2026-11-06,open,,,0,,,0.0,0.1166
2026-10-05,UNITEDFIN,Sell,383,False,Falling,0.4838,0.3767,16.2,17.01,15.41,2026-11-06,open,,,0,,,0.0,0.05
2026-10-05,SONARGAON,Sell,384,True,Rising,0.4021,0.3243,108.6,120.38,95.57,2026-11-06,open,,,0,,,0.0,0.1085
2026-10-05,AZIZPIPES,Sell,385,False,Sideways,0.4317,0.3708,78.0,82.76,71.06,2026-11-06,open,,,0,,,0.0,0.061
2026-10-05,FIRSTFIN,Sell,386,False,Sideways,0.4485,0.3915,4.5,4.75,4.13,2026-11-06,open,,,0,,,0.0,0.0556
2026-10-05,SHYAMPSUG,Sell,387,False,"Sideways, lifting",0.4291,0.3742,319.6,345.61,286.55,2026-11-06,open,,,0,,,0.0,0.0814
2026-10-05,IPDC,Sell,388,False,"Sideways, slipping",0.3772,0.372,31.3,35.24,30.32,2026-11-06,open,,,0,,,0.0,0.1259
2026-10-05,MBPLCPBOND,Sell,389,False,Sideways,0.0422,0.0424,4850.0,5092.5,4656.0,2026-11-06,open,,,0,,,0.0,0.05
2026-10-05,UCB2PBOND,Sell,390,False,Sideways,0.041,0.0424,4700.0,4935.0,4512.0,2026-11-06,open,,,0,,,0.0,0.05
2026-10-05,DEBBDWELD,Sell,391,False,Sideways,0.0323,0.034,1418.5,1489.42,1361.76,2026-11-06,open,,,0,,,0.0,0.05
2026-10-05,DEBBXTEX,Sell,392,False,Sideways,0.0284,0.0302,1300.0,1365.0,1248.0,2026-11-06,open,,,0,,,0.0,0.05
2026-10-05,DEBARACEM,Sell,393,True,Sideways,0.0324,0.0343,1865.0,1958.25,1790.4,2026-11-06,open,,,0,,,0.0,0.05
2026-10-05,DEBBXDENIM,Sell,394,False,Sideways,0.0269,0.0291,1450.0,1522.5,1392.0,2026-11-06,open,,,0,,,0.0,0.05
2026-10-05,EMERALDOIL,Sell,395,False,Sideways,0.3674,0.3707,27.0,30.1,24.78,2026-11-06,open,,,0,,,0.0,0.1148
2026-10-05,ALLTEX,Sell,396,False,"Falling, bouncing",0.4131,0.418,23.0,24.15,21.9,2026-11-06,open,,,0,,,0.0,0.05
2026-10-05,BDSERVICE,Sell,397,False,Sideways,0.033,0.0385,5.2,5.46,4.99,2026-11-06,open,,,0,,,0.0,0.05
2026-10-05,DEBBDLUGG,Sell,398,False,Sideways,0.0132,0.0193,784.0,823.2,752.64,2026-11-06,open,,,0,,,0.0,0.05
2026-10-05,DEBBDZIPP,Sell,399,False,Sideways,0.0132,0.0193,700.0,735.0,672.0,2026-11-06,open,,,0,,,0.0,0.05
2026-10-05,DEBBXFISH,Sell,400,False,Sideways,0.0132,0.0193,835.0,876.75,801.6,2026-11-06,open,,,0,,,0.0,0.05
2026-10-05,DEBBXKNI,Sell,401,False,Sideways,0.0132,0.0193,900.0,945.0,864.0,2026-11-06,open,,,0,,,0.0,0.05
2026-10-05,SLIPLC,Sell,402,False,Sideways,0.0251,0.0311,73.8,77.49,70.85,2026-11-06,open,,,0,,,0.0,0.05
2026-10-05,APEXFOOT,Sell,403,True,Falling,0.3823,0.3885,194.8,207.41,186.19,2026-11-06,open,,,0,,,0.0,0.0647
2026-10-05,BANKASI1PB,Sell,404,False,Sideways,0.0437,0.0534,8650.0,9082.5,8304.0,2026-11-06,open,,,0,,,0.0,0.05
2026-10-05,SALVOCHEM,Sell,405,False,Sideways,0.0131,0.0258,30.4,31.92,29.18,2026-11-06,open,,,0,,,0.0,0.05
2026-10-05,EBL,Sell,406,False,Falling,0.2912,0.3041,22.8,24.35,21.85,2026-11-06,open,,,0,,,0.0,0.068
2026-10-05,CBLPBOND,Sell,407,False,Sideways,0.0443,0.0604,1037500.0,1089375.0,996000.0,2026-11-06,open,,,0,,,0.0,0.05
2026-10-05,VAMLBDMF1,Sell,408,False,Sideways,0.0442,0.0615,7.1,7.46,6.82,2026-11-06,open,,,0,,,0.0,0.0507
2026-10-05,SAVAREFR,Sell,409,False,Sideways,0.0254,0.0438,215.5,226.28,206.88,2026-11-06,open,,,0,,,0.0,0.05
2026-10-05,KEYACOSMET,Sell,410,True,"Sideways, slipping",0.366,0.3858,5.1,5.52,4.85,2026-11-06,open,,,0,,,0.0,0.0824
2026-10-05,ATCSLGF,Sell,411,False,Sideways,0.0144,0.0381,7.5,7.88,7.2,2026-11-06,open,,,0,,,0.0,0.0507
2026-10-05,ABBLPBOND,Sell,412,False,Sideways,0.038,0.0643,1060.0,1113.0,1017.6,2026-11-06,open,,,0,,,0.0,0.05
2026-10-05,PREMIERBAN,Sell,413,False,Falling,0.3999,0.4282,5.6,5.88,5.33,2026-11-06,open,,,0,,,0.0,0.05
2026-10-05,BPPL,Sell,414,False,Falling,0.3774,0.4098,17.9,19.7,16.71,2026-11-06,open,,,0,,,0.0,0.1006
2026-10-05,DBLPBOND,Sell,415,False,Sideways,0.0458,0.0786,6225.0,6536.25,5976.0,2026-11-06,open,,,0,,,0.0,0.05
2026-10-05,IDLC,Sell,416,False,Falling,0.3255,0.3794,41.8,43.89,40.03,2026-11-06,open,,,0,,,0.0,0.05
2026-10-05,SAPORTL,Sell,417,False,"Sideways, slipping",0.354,0.4167,58.7,61.64,55.73,2026-11-06,open,,,0,,,0.0,0.0501
2026-10-05,FAREASTFIN,Sell,418,False,Sideways,0.052,0.1183,2.1,2.2,2.02,2026-11-06,open,,,0,,,0.0,0.0476
2026-10-05,ILFSL,Sell,419,False,Sideways,0.053,0.1229,2.1,2.2,2.02,2026-11-06,open,,,0,,,0.0,0.0476
2026-10-05,FASFIN,Sell,420,False,Sideways,0.0502,0.1323,2.5,2.62,2.4,2026-11-06,open,,,0,,,0.0,0.048
2026-10-05,EASTRNLUB,Sell,421,False,Falling,0.3425,0.4371,1877.4,1971.27,1802.3,2026-11-06,open,,,0,,,0.0,0.05
2026-10-05,EHL,Sell,422,False,Falling,0.2747,0.3732,82.7,89.79,78.64,2026-11-06,open,,,0,,,0.0,0.0857
2026-10-05,LEGACYFOOT,Sell,423,False,Falling,0.3553,0.4571,68.1,71.97,64.27,2026-11-06,open,,,0,,,0.0,0.0568
2026-10-05,DBH,Sell,424,False,Falling,0.3339,0.4411,39.1,41.06,37.54,2026-11-06,open,,,0,,,0.0,0.0501
2026-10-05,SHASHADNIM,Sell,425,False,"Sideways, lifting",0.33,0.4387,27.5,29.7,25.99,2026-11-06,open,,,0,,,0.0,0.08
2026-10-05,DAFODILCOM,Sell,426,False,Falling,0.3194,0.4834,152.6,161.11,143.43,2026-11-06,open,,,0,,,0.0,0.0558
2026-10-04,CLICL,Buy,1,False,Mid rise,0.7502,0.1217,47.1,49.46,41.94,2026-11-05,open,,,1,,,-0.0106,0.0607
2026-10-04,MEGHNALIFE,Buy,2,False,Early rise,0.6841,0.152,50.8,53.92,47.85,2026-11-05,open,,,1,,,-0.0079,0.0693
2026-10-04,ISNLTD,Buy,3,False,Early rise,0.7191,0.1874,48.3,50.72,42.5,2026-11-05,open,,,1,,,0.0041,0.046
2026-10-04,DELTALIFE,Buy,4,False,Early rise,0.6813,0.1621,71.1,74.66,66.81,2026-11-05,open,,,1,,,-0.0169,0.0669
2026-10-04,SUNLIFEINS,Buy,5,False,Mid rise,0.6848,0.1846,56.7,60.18,50.55,2026-11-05,closed,Take-profit,2026-10-05,1,0.0614,0.0514,,
2026-10-04,RDFOOD,Buy,6,False,Early rise,0.7003,0.2118,22.4,23.52,21.17,2026-11-05,open,,,1,,,-0.0179,0.0679
2026-10-04,MAGURAPLEX,Buy,7,False,Early rise,0.6849,0.2007,82.8,86.94,77.25,2026-11-05,open,,,1,,,-0.0181,0.0681
2026-10-04,PRAGATILIF,Buy,8,False,Early rise,0.6809,0.2092,139.6,146.58,131.84,2026-11-05,open,,,1,,,-0.038,0.088
2026-10-04,AL-HAJTEX,Buy,9,False,Early rise,0.6509,0.1827,77.9,81.8,68.55,2026-11-05,open,,,1,,,-0.0436,0.0937
2026-10-04,PROGRESLIF,Buy,10,False,Bottoming,0.6919,0.2274,36.4,38.22,34.64,2026-11-05,open,,,1,,,-0.022,0.072
2026-10-04,PRAGATIINS,Buy,11,True,Mid rise,0.667,0.208,73.3,77.31,69.51,2026-11-05,open,,,1,,,-0.0205,0.0752
2026-10-04,SHEPHERD,Buy,12,False,Early rise,0.671,0.2385,12.4,13.02,11.82,2026-11-05,open,,,1,,,-0.0403,0.0903
2026-10-04,LOVELLO,Buy,13,False,Mid rise,0.6222,0.1907,49.4,51.87,43.47,2026-11-05,open,,,1,,,-0.0344,0.0844
2026-10-04,PRIMETEX,Buy,14,False,Early fall,0.672,0.2467,13.8,14.49,12.79,2026-11-05,open,,,1,,,0.0,0.05
2026-10-04,INTECH,Buy,15,False,Early rise,0.6518,0.2302,23.2,24.36,21.75,2026-11-05,open,,,1,,,-0.0129,0.0629
2026-10-04,RAHIMTEXT,Buy,16,False,Early rise,0.5708,0.1563,180.4,196.27,165.82,2026-11-05,open,,,1,,,-0.0011,0.0891
2026-10-04,TOSRIFA,Buy,17,True,Early rise,0.5757,0.1666,19.3,20.26,17.3,2026-11-05,open,,,1,,,-0.0207,0.0705
2026-10-04,FAREASTLIF,Buy,18,False,Late fall,0.6614,0.2536,17.5,18.38,16.78,2026-11-05,open,,,1,,,0.0,0.0503
2026-10-04,VFSTDL,Buy,19,True,Late fall,0.6637,0.2564,12.6,13.23,11.38,2026-11-05,open,,,1,,,-0.0317,0.0817
2026-10-04,KPPL,Buy,20,False,Early rise,0.5944,0.1995,14.0,15.65,12.64,2026-11-05,open,,,1,,,-0.0214,0.1393
2026-10-04,JMISMDL,Buy,21,False,Late fall,0.6481,0.2537,126.1,132.4,120.87,2026-11-05,open,,,1,,,-0.0024,0.0523
2026-10-04,BDWELDING,Buy,22,False,Mid rise,0.6373,0.2536,11.5,12.17,10.47,2026-11-05,open,,,1,,,-0.0174,0.0757
2026-10-04,NORTHERN,Buy,23,False,Bottoming,0.6381,0.2545,98.5,105.22,92.82,2026-11-05,open,,,1,,,-0.0355,0.1038
2026-10-04,BBSCABLES,Buy,24,False,Early rise,0.6245,0.2505,16.1,17.45,15.17,2026-11-05,open,,,1,,,-0.0311,0.1149
2026-10-04,NATLIFEINS,Buy,25,False,Early rise,0.5418,0.1695,92.4,100.08,86.94,2026-11-05,open,,,1,,,-0.0043,0.0874
2026-10-04,PADMALIFE,Buy,26,False,Late fall,0.6385,0.2733,15.7,16.48,15.17,2026-11-05,open,,,1,,,-0.0127,0.0624
2026-10-04,ARAMITCEM,Buy,27,False,Bottoming,0.6377,0.2765,11.2,11.76,10.68,2026-11-05,open,,,1,,,-0.0268,0.0768
2026-10-04,SHARPIND,Buy,28,True,Early fall,0.6214,0.2623,17.7,18.58,15.58,2026-11-05,open,,,1,,,-0.0169,0.0667
2026-10-04,UPGDCL,Buy,29,False,Late fall,0.5836,0.2264,113.1,118.76,109.47,2026-11-05,open,,,1,,,-0.0009,0.0509
2026-10-04,STYLECRAFT,Buy,30,False,Late fall,0.628,0.2736,52.6,55.23,49.85,2026-11-05,open,,,1,,,-0.0171,0.0671
2026-10-04,HEIDELBCEM,Buy,31,False,Late fall,0.5876,0.2434,205.4,215.67,196.67,2026-11-05,open,,,1,,,-0.0063,0.0563
2026-10-04,SHAHJABANK,Buy,32,True,Late rise,0.5194,0.179,17.3,18.17,16.61,2026-11-05,open,,,1,,,-0.0058,0.0561
2026-10-04,PHARMAID,Buy,33,False,Late fall,0.5784,0.2466,545.8,573.09,518.93,2026-11-05,open,,,1,,,-0.0068,0.0568
2026-10-04,TAMIJTEX,Buy,34,False,Late fall,0.6067,0.2761,112.1,117.7,108.23,2026-11-05,open,,,1,,,-0.0098,0.0598
2026-10-04,KAY&QUE,Buy,35,False,Mid rise,0.5334,0.2129,403.4,439.66,369.6,2026-11-05,open,,,1,,,-0.0007,0.0906
2026-10-04,SALVO,Buy,36,False,Mid rise,0.5385,0.222,30.1,32.86,28.12,2026-11-05,open,,,1,,,-0.0332,0.1249
2026-10-04,BEACONPHAR,Buy,37,False,Late fall,0.5323,0.2274,100.5,105.52,97.21,2026-11-05,open,,,1,,,0.002,0.048
2026-10-04,EGEN,Buy,38,False,Early rise,0.5774,0.2731,22.2,23.31,20.95,2026-11-05,open,,,1,,,-0.0315,0.0815
2026-10-04,GHAIL,Buy,39,True,Mid rise,0.5892,0.2863,12.1,12.7,11.17,2026-11-05,open,,,1,,,-0.0496,0.0992
2026-10-04,DESHBANDHU,Buy,40,False,Late fall,0.5814,0.2834,16.8,18.24,15.69,2026-11-05,open,,,1,,,-0.0357,0.1214
2026-10-04,MIDASFIN,Buy,41,False,Early rise,0.5934,0.2972,4.6,4.83,4.33,2026-11-05,open,,,1,,,-0.0217,0.0717
2026-10-04,SBACBANK,Buy,42,True,Late fall,0.5652,0.2694,6.6,6.93,6.25,2026-11-05,open,,,1,,,0.0,0.05
2026-10-04,SONALIPAPR,Buy,43,False,Early rise,0.5523,0.2652,222.3,233.42,206.62,2026-11-05,open,,,1,,,-0.0184,0.0685
2026-10-04,CVOPRL,Buy,44,False,Early rise,0.475,0.19,159.0,169.38,141.66,2026-11-05,open,,,1,,,-0.0157,0.081
2026-10-04,NFML,Buy,45,True,Early rise,0.5344,0.2498,14.7,15.44,13.76,2026-11-05,open,,,1,,,-0.0408,0.0912
2026-10-04,NTLTUBES,Buy,46,False,Late fall,0.5837,0.3005,60.3,63.32,56.58,2026-11-05,open,,,1,,,-0.0083,0.0584
2026-10-04,OLYMPIC,Buy,47,False,Bottoming,0.5221,0.2446,142.8,149.94,137.09,2026-11-05,open,,,1,,,-0.0028,0.0528
2026-10-04,TITASGAS,Buy,48,False,Late fall,0.4906,0.2159,17.5,18.82,16.35,2026-11-05,open,,,1,,,-0.04,0.1154
2026-10-04,RUPALILIFE,Buy,49,False,Early rise,0.4165,0.1498,77.2,81.06,71.21,2026-11-05,open,,,1,,,-0.013,0.063
2026-10-04,AMCL(PRAN),Buy,50,True,Late fall,0.5255,0.2636,212.1,222.7,203.62,2026-11-05,open,,,1,,,0.0066,0.0434
2026-10-04,JAMUNAOIL,Buy,51,False,Late fall,0.4041,0.1461,177.3,186.17,170.21,2026-11-05,open,,,1,,,0.0028,0.0472
2026-10-04,ADNTEL,Buy,52,False,Mid rise,0.5314,0.2792,56.2,59.01,53.07,2026-11-05,open,,,1,,,-0.0107,0.0607
2026-10-04,RANFOUNDRY,Buy,53,False,Late fall,0.5503,0.299,148.5,155.93,142.56,2026-11-05,open,,,1,,,-0.002,0.0521
2026-10-04,MONNOFABR,Buy,54,False,Early rise,0.5256,0.2805,19.2,21.0,18.01,2026-11-05,open,,,1,,,-0.0417,0.1354
2026-10-04,RELIANCE1,Buy,55,False,Mid rise,0.4888,0.2513,12.4,13.07,11.09,2026-11-05,open,,,1,,,-0.0081,0.0621
2026-10-04,DACCADYE,Buy,56,False,Bottoming,0.5262,0.2984,15.4,16.42,14.32,2026-11-05,open,,,1,,,-0.013,0.0792
2026-10-04,GRAMEENS2,Buy,57,False,Mid rise,0.4709,0.2442,11.9,12.54,11.47,2026-11-05,open,,,1,,,0.0,0.0538
2026-10-04,ICB,Buy,58,False,Early rise,0.4794,0.2545,42.1,47.02,37.8,2026-11-05,open,,,1,,,0.0048,0.1121
2026-10-04,SEAPEARL,Buy,59,False,Mid rise,0.399,0.1847,35.1,38.67,31.19,2026-11-05,open,,,1,,,-0.0228,0.1245
2026-10-04,ORIONPHARM,Buy,60,False,Mid rise,0.4645,0.2646,28.3,30.49,24.9,2026-11-05,open,,,1,,,-0.0389,0.1163
2026-10-04,GPHISPAT,Buy,61,False,Early fall,0.502,0.3048,15.7,16.48,15.2,2026-11-05,open,,,1,,,-0.0127,0.0624
2026-10-04,MIDLANDBNK,Buy,62,True,Late fall,0.5127,0.3238,16.6,17.43,15.98,2026-11-05,open,,,1,,,-0.006,0.056
2026-10-04,MEGHNACEM,Buy,63,True,Bottoming,0.4973,0.3284,28.9,30.34,26.71,2026-11-05,open,,,1,,,-0.0173,0.0671
2026-10-04,SALAMCRST,Neutral,64,False,Topping,0.752,0.1644,11.8,12.39,10.86,2026-11-05,open,,,1,,,-0.0254,0.0754
2026-10-04,RAHIMAFOOD,Neutral,65,False,Topping,0.7534,0.1732,71.0,74.55,65.87,2026-11-05,open,,,1,,,-0.0268,0.0768
2026-10-04,TILIL,Neutral,66,False,Early rise,0.711,0.1495,46.0,48.3,40.95,2026-11-05,open,,,1,,,-0.0174,0.0674
2026-10-04,ASIAINS,Neutral,67,False,Mid rise,0.7352,0.1803,40.7,42.74,37.99,2026-11-05,open,,,1,,,-0.0319,0.0821
2026-10-04,MIRAKHTER,Neutral,68,False,Early rise,0.6976,0.1582,33.1,34.76,29.6,2026-11-05,open,,,1,,,-0.0332,0.0834
2026-10-04,ARAMIT,Neutral,69,True,Late fall,0.7247,0.2081,171.2,179.76,156.48,2026-11-05,open,,,1,,,0.0006,0.0494
2026-10-04,NORTHRNINS,Neutral,70,False,Late fall,0.7015,0.2073,36.1,38.39,34.25,2026-11-05,open,,,1,,,-0.0249,0.0884
2026-10-04,CENTRALINS,Neutral,71,False,Late fall,0.6947,0.2144,43.1,45.26,40.76,2026-11-05,open,,,1,,,-0.0302,0.0803
2026-10-04,SILCOPHL,Neutral,72,False,Early rise,0.6973,0.2173,16.2,17.01,14.67,2026-11-05,open,,,1,,,-0.0494,0.0994
2026-10-04,RUPALIINS,Neutral,73,False,Mid fall,0.6969,0.2178,27.3,28.67,25.95,2026-11-05,open,,,1,,,-0.0183,0.0685
2026-10-04,JANATAINS,Neutral,74,False,Late fall,0.6852,0.2125,32.0,34.65,30.35,2026-11-05,open,,,1,,,-0.0188,0.1016
2026-10-04,DGIC,Neutral,75,False,Mid rise,0.6931,0.2274,41.9,44.0,37.41,2026-11-05,open,,,1,,,-0.0239,0.074
2026-10-04,CAPMIBBLMF,Neutral,76,False,Late rise,0.6943,0.2289,16.9,17.74,14.99,2026-11-05,open,,,1,,,0.0059,0.0438
2026-10-04,SONARBAINS,Neutral,77,False,Mid rise,0.6573,0.1933,42.1,46.23,38.46,2026-11-05,open,,,1,,,-0.0261,0.1242
2026-10-04,HAKKANIPUL,Neutral,78,False,Early rise,0.6711,0.2117,69.5,72.98,63.85,2026-11-05,open,,,1,,,-0.023,0.0731
2026-10-04,EPGL,Neutral,79,True,Late fall,0.6873,0.2284,16.0,16.86,15.14,2026-11-05,open,,,1,,,-0.025,0.0787
2026-10-04,AFCAGRO,Neutral,80,True,Late fall,0.6919,0.2334,5.7,5.98,5.19,2026-11-05,open,,,1,,,-0.0175,0.0667
2026-10-04,SAMATALETH,Neutral,81,False,Mid rise,0.6707,0.2128,100.4,105.92,88.35,2026-11-05,open,,,1,,,-0.0398,0.0948
2026-10-04,ORIONINFU,Neutral,82,True,Early rise,0.662,0.2056,243.8,255.99,214.54,2026-11-05,open,,,1,,,-0.0517,0.1017
2026-10-04,ICBAGRANI1,Neutral,83,False,Mid rise,0.6633,0.2074,7.9,8.3,7.37,2026-11-05,open,,,1,,,-0.0127,0.0633
2026-10-04,FBFIF,Neutral,84,False,Late fall,0.6866,0.2317,3.4,3.57,3.17,2026-11-05,open,,,1,,,0.0,0.05
2026-10-04,CRYSTALINS,Neutral,85,False,Mid rise,0.6277,0.1744,67.4,73.66,60.02,2026-11-05,open,,,1,,,-0.0252,0.1181
2026-10-04,PENINSULA,Neutral,86,True,Late fall,0.6442,0.1916,18.8,19.74,17.12,2026-11-05,open,,,1,,,-0.0372,0.0872
2026-10-04,PROVATIINS,Neutral,87,False,Late fall,0.6735,0.2225,51.3,54.74,48.32,2026-11-05,open,,,1,,,-0.0292,0.0963
2026-10-04,HAMI,Neutral,88,False,Early rise,0.654,0.2033,152.7,162.7,137.21,2026-11-05,open,,,1,,,-0.0282,0.0936
2026-10-04,MEGCONMILK,Neutral,89,False,Late fall,0.682,0.2368,30.8,32.34,27.64,2026-11-05,open,,,1,,,0.0,0.05
2026-10-04,SPCERAMICS,Neutral,90,False,Topping,0.6552,0.2116,22.0,23.26,19.49,2026-11-05,open,,,1,,,-0.0455,0.1027
2026-10-04,ZAHEENSPIN,Neutral,91,False,Mid fall,0.6768,0.2341,4.9,5.14,4.45,2026-11-05,open,,,1,,,-0.0408,0.0898
2026-10-04,GQBALLPEN,Neutral,92,False,Early rise,0.6322,0.1918,598.9,628.84,548.47,2026-11-05,open,,,1,,,-0.0147,0.0647
2026-10-04,EASTLAND,Neutral,93,False,Late fall,0.6709,0.2334,27.5,28.88,26.18,2026-11-05,open,,,1,,,-0.0327,0.0829
2026-10-04,ZEALBANGLA,Neutral,94,False,Late fall,0.6767,0.2392,170.3,178.82,159.8,2026-11-05,closed,Take-profit,2026-10-05,1,0.05,0.04,,
2026-10-04,BNICL,Neutral,95,False,Topping,0.6705,0.2352,162.9,171.96,144.66,2026-11-05,open,,,1,,,-0.0387,0.0943
2026-10-04,FORTUNE,Neutral,96,True,Late fall,0.6708,0.2371,14.6,15.55,13.33,2026-11-05,open,,,1,,,-0.0479,0.113
2026-10-04,USMANIAGL,Neutral,97,False,Late fall,0.6767,0.2522,51.3,54.44,47.4,2026-11-05,open,,,1,,,0.0409,0.0203
2026-10-04,ISLAMIINS,Neutral,98,False,Mid rise,0.6597,0.2357,66.9,70.24,62.46,2026-11-05,open,,,1,,,-0.0164,0.0664
2026-10-04,MEGHNAINS,Neutral,99,False,Late fall,0.6424,0.2214,34.6,36.33,32.37,2026-11-05,open,,,1,,,-0.0347,0.0847
2026-10-04,CROWNCEMNT,Neutral,100,False,Late fall,0.6609,0.2418,57.7,61.04,53.84,2026-11-05,open,,,1,,,-0.0052,0.0631
2026-10-04,AIL,Neutral,101,True,Late fall,0.6684,0.2556,29.8,31.29,27.46,2026-11-05,open,,,1,,,-0.0134,0.0634
2026-10-04,CAPITECGBF,Neutral,102,False,Topping,0.6274,0.2155,8.6,9.03,7.99,2026-11-05,open,,,1,,,-0.0116,0.0616
2026-10-04,EASTERNINS,Neutral,103,False,Mid rise,0.6335,0.2262,62.1,66.03,54.86,2026-11-05,open,,,1,,,-0.0274,0.0907
2026-10-04,ICICL,Neutral,104,False,Late rise,0.6378,0.2343,38.8,40.89,34.66,2026-11-05,open,,,1,,,-0.0284,0.0822
2026-10-04,COPPERTECH,Neutral,105,False,Early rise,0.6584,0.2556,21.1,22.16,20.33,2026-11-05,open,,,1,,,-0.0332,0.0834
2026-10-04,SEMLIBBLSF,Neutral,106,False,Late fall,0.6285,0.2256,7.8,8.19,7.46,2026-11-05,open,,,1,,,0.0,0.05
2026-10-04,ABB1STMF,Neutral,107,False,Late fall,0.6568,0.2549,3.5,3.68,3.35,2026-11-05,open,,,1,,,0.0,0.0514
2026-10-04,BDTHAIFOOD,Neutral,108,False,Late fall,0.6593,0.2596,18.8,19.74,16.66,2026-11-05,open,,,1,,,-0.0532,0.1032
2026-10-04,SINGERBD,Neutral,109,False,Topping,0.5882,0.1913,77.6,81.48,71.02,2026-11-05,open,,,1,,,-0.0129,0.0629
2026-10-04,ANWARGALV,Neutral,110,False,Mid rise,0.6107,0.2142,114.6,120.33,104.49,2026-11-05,open,,,1,,,-0.0209,0.0709
2026-10-04,EIL,Neutral,111,False,Early rise,0.6428,0.2467,33.4,35.07,31.55,2026-11-05,open,,,1,,,-0.0269,0.0769
2026-10-04,PRIME1ICBA,Neutral,112,False,Mid rise,0.6393,0.2439,7.4,7.82,6.51,2026-11-05,open,,,1,,,0.0,0.0568
2026-10-04,FEDERALINS,Neutral,113,False,Late fall,0.6424,0.2505,27.3,28.67,25.98,2026-11-05,open,,,1,,,-0.0256,0.0758
2026-10-04,JUTESPINN,Neutral,114,True,Late fall,0.6498,0.2626,204.5,214.73,196.32,2026-11-05,open,,,1,,,0.0044,0.0456
2026-10-04,ASIAPACINS,Neutral,115,False,Late fall,0.6436,0.2565,47.4,49.77,45.31,2026-11-05,open,,,1,,,-0.0211,0.0711
2026-10-04,BBS,Neutral,116,False,Early fall,0.6499,0.2636,10.9,11.44,9.93,2026-11-05,open,,,1,,,-0.0367,0.0862
2026-10-04,FINEFOODS,Neutral,117,False,Mid rise,0.5852,0.2073,464.9,499.23,423.74,2026-11-05,open,,,1,,,-0.0084,0.0822
2026-10-04,DESCO,Neutral,118,True,Mid rise,0.6017,0.2245,23.4,24.57,21.37,2026-11-05,open,,,1,,,0.0,0.05
2026-10-04,GREENDELMF,Neutral,119,False,Mid rise,0.6255,0.2483,4.6,4.83,4.21,2026-11-05,open,,,1,,,-0.0217,0.0717
2026-10-04,1JANATAMF,Neutral,120,False,Late fall,0.639,0.2625,3.5,3.68,3.35,2026-11-05,open,,,1,,,0.0,0.0514
2026-10-04,ACFL,Neutral,121,False,Mid fall,0.6207,0.2452,21.8,23.17,20.74,2026-11-05,open,,,1,,,0.0183,0.0445
2026-10-04,BRACBANK,Neutral,122,False,Late rise,0.5313,0.1619,65.0,68.25,61.46,2026-11-05,open,,,1,,,0.0,0.05
2026-10-04,EXIM1STMF,Neutral,123,False,Mid fall,0.6313,0.2619,6.1,6.4,5.37,2026-11-05,closed,Take-profit,2026-10-05,1,0.0492,0.0392,,
2026-10-04,YPL,Neutral,124,False,Early rise,0.5729,0.2038,19.4,20.37,17.07,2026-11-05,open,,,1,,,0.0,0.05
2026-10-04,MJLBD,Neutral,125,True,Late fall,0.5495,0.1814,89.6,94.08,86.02,2026-11-05,open,,,1,,,0.0033,0.0467
2026-10-04,SANDHANINS,Neutral,126,False,Late fall,0.63,0.2635,24.0,25.24,22.83,2026-11-05,open,,,1,,,-0.0125,0.0642
2026-10-04,VAMLRBBF,Neutral,127,False,Topping,0.6039,0.2381,8.4,8.82,7.92,2026-11-05,open,,,1,,,0.0,0.05
2026-10-04,ECABLES,Neutral,128,False,Late fall,0.6345,0.275,119.1,125.06,114.77,2026-11-05,open,,,1,,,-0.026,0.0761
2026-10-04,PRIMEINSUR,Neutral,129,False,Late fall,0.6314,0.2736,48.4,50.82,45.35,2026-11-05,open,,,1,,,-0.0289,0.0789
2026-10-04,ETL,Neutral,130,False,Mid rise,0.6185,0.2615,15.5,16.28,13.96,2026-11-05,open,,,1,,,-0.0323,0.0826
2026-10-04,SONALILIFE,Neutral,131,False,Early rise,0.6122,0.2565,97.2,102.06,88.61,2026-11-05,open,,,1,,,-0.0021,0.0521
2026-10-04,CONTININS,Neutral,132,False,Late fall,0.6014,0.2457,32.4,34.02,30.83,2026-11-05,open,,,1,,,-0.034,0.084
2026-10-04,HFL,Neutral,133,False,Late fall,0.6305,0.2807,11.3,11.87,10.25,2026-11-05,closed,Take-profit,2026-10-05,1,0.0504,0.0404,,
2026-10-04,APEXFOODS,Neutral,134,False,Mid rise,0.5869,0.2388,260.5,275.8,241.53,2026-11-05,closed,Take-profit,2026-10-05,1,0.0587,0.0487,,
2026-10-04,IFIC1STMF,Neutral,135,False,Late fall,0.6211,0.2755,3.8,4.06,3.55,2026-11-05,open,,,1,,,0.0,0.0684
2026-10-04,PF1STMF,Neutral,136,False,Late rise,0.6038,0.2583,18.0,18.9,15.84,2026-11-05,open,,,1,,,-0.0278,0.0778
2026-10-04,CITYGENINS,Neutral,137,False,Late rise,0.5297,0.186,131.7,138.28,126.81,2026-11-05,open,,,1,,,0.0076,0.0424
2026-10-04,GOLDENSON,Neutral,138,True,Late fall,0.6159,0.2742,11.7,12.61,10.67,2026-11-05,open,,,1,,,-0.0513,0.1291
2026-10-04,FEKDIL,Neutral,139,False,Late fall,0.6094,0.2685,21.4,22.47,19.16,2026-11-05,open,,,1,,,-0.0561,0.1061
2026-10-04,LRBDL,Neutral,140,False,Mid rise,0.6134,0.2727,13.1,13.76,12.08,2026-11-05,open,,,1,,,-0.0153,0.0656
2026-10-04,SILVAPHL,Neutral,141,False,Late fall,0.5993,0.2587,12.1,13.36,11.21,2026-11-05,open,,,1,,,-0.0496,0.1537
2026-10-04,ANLIMAYARN,Neutral,142,False,Bottoming,0.6258,0.2856,25.6,26.88,24.64,2026-11-05,open,,,1,,,-0.0078,0.0578
2026-10-04,MALEKSPIN,Neutral,143,False,Late rise,0.5958,0.256,50.3,52.82,44.27,2026-11-05,open,,,1,,,-0.0437,0.0938
2026-10-04,PRIMEFIN,Neutral,144,False,Late fall,0.6188,0.2814,2.6,2.73,2.29,2026-11-05,open,,,1,,,0.0,0.05
2026-10-04,DELTASPINN,Neutral,145,True,Early rise,0.5879,0.2533,7.5,7.92,6.72,2026-11-05,open,,,1,,,-0.0267,0.0827
2026-10-04,MEGHNAPET,Neutral,146,False,Mid rise,0.5891,0.257,73.6,78.86,64.77,2026-11-05,open,,,1,,,0.0054,0.066
2026-10-04,SICL,Neutral,147,False,Late fall,0.5507,0.2222,35.2,37.82,32.19,2026-11-05,open,,,1,,,-0.0057,0.0801
2026-10-04,POPULAR1MF,Neutral,148,False,Late fall,0.603,0.2745,3.5,3.68,3.36,2026-11-05,open,,,1,,,0.0,0.0514
2026-10-04,BGIC,Neutral,149,False,Late fall,0.5655,0.238,41.7,45.14,38.55,2026-11-05,open,,,1,,,-0.024,0.1065
2026-10-04,ICBEPMF1S1,Neutral,150,False,Topping,0.5569,0.2309,6.2,6.51,5.61,2026-11-05,open,,,1,,,0.0,0.05
2026-10-04,SPCL,Neutral,151,False,Early rise,0.5307,0.206,50.7,54.24,46.65,2026-11-05,open,,,1,,,-0.0276,0.0974
2026-10-04,DUTCHBANGL,Neutral,152,False,Mid rise,0.4774,0.1536,45.5,47.78,42.61,2026-11-05,open,,,1,,,0.0,0.0501
2026-10-04,ICBAMCL2ND,Neutral,153,False,Topping,0.5771,0.2548,10.1,10.6,8.89,2026-11-05,open,,,1,,,-0.0099,0.0594
2026-10-04,GHCL,Neutral,154,True,Late fall,0.5962,0.2762,19.0,20.69,17.6,2026-11-05,open,,,1,,,0.0,0.0889
2026-10-04,REPUBLIC,Neutral,155,False,Late fall,0.5848,0.2683,37.4,39.27,36.19,2026-11-05,open,,,1,,,-0.0294,0.0794
2026-10-04,STANDARINS,Neutral,156,False,Mid rise,0.5679,0.2516,49.5,55.04,47.15,2026-11-05,open,,,1,,,-0.0061,0.118
2026-10-04,PLFSL,Neutral,157,False,Late fall,0.6042,0.2895,1.7,1.78,1.57,2026-11-05,closed,Take-profit,2026-10-05,1,0.0471,0.0371,,
2026-10-04,PRIMEBANK,Neutral,158,False,Late fall,0.5105,0.1995,28.1,29.51,26.98,2026-11-05,open,,,1,,,0.0036,0.0466
2026-10-04,ICBSONALI1,Neutral,159,False,Mid rise,0.5794,0.2689,7.6,8.12,6.69,2026-11-05,closed,Take-profit,2026-10-05,1,0.0684,0.0584,,
2026-10-04,TRUSTB1MF,Neutral,160,False,Late fall,0.5985,0.2885,3.6,3.78,3.46,2026-11-05,open,,,1,,,0.0,0.05
2026-10-04,UNIQUEHRL,Neutral,161,False,Mid rise,0.4816,0.1724,41.6,45.43,37.66,2026-11-05,open,,,1,,,0.0144,0.0776
2026-10-04,MLDYEING,Neutral,162,False,Late fall,0.5891,0.2837,10.7,11.68,9.56,2026-11-05,open,,,1,,,-0.028,0.1196
2026-10-04,ZAHINTEX,Neutral,163,False,Bottoming,0.5692,0.2646,7.9,8.61,7.06,2026-11-05,open,,,1,,,-0.0633,0.1532
2026-10-04,PRIMELIFE,Neutral,164,False,Early rise,0.4855,0.181,37.6,39.48,34.91,2026-11-05,open,,,1,,,-0.0186,0.0686
2026-10-04,PHPMF1,Neutral,165,False,Late fall,0.5886,0.2844,3.5,3.68,3.36,2026-11-05,open,,,1,,,0.0,0.0514
2026-10-04,SINOBANGLA,Neutral,166,False,Early rise,0.5864,0.2842,47.9,50.3,46.17,2026-11-05,closed,Stop,2026-10-05,1,-0.0361,-0.0461,,
2026-10-04,SAIFPOWER,Neutral,167,False,Late fall,0.5982,0.2979,6.9,7.25,6.12,2026-11-05,open,,,1,,,-0.029,0.0797
2026-10-04,PIONEERINS,Neutral,168,False,Mid rise,0.4748,0.1747,66.8,73.16,61.31,2026-11-05,open,,,1,,,-0.0105,0.1057
2026-10-04,INDEXAGRO,Neutral,169,False,Early rise,0.4928,0.1947,72.4,78.11,65.24,2026-11-05,open,,,1,,,-0.0345,0.1134
2026-10-04,NITOLINS,Neutral,170,False,Topping,0.5785,0.2816,57.2,60.59,52.66,2026-11-05,open,,,1,,,-0.0227,0.082
2026-10-04,UNIONINS,Neutral,171,False,Bottoming,0.5497,0.2537,48.3,50.72,44.72,2026-11-05,open,,,1,,,-0.0083,0.0584
2026-10-04,DSHGARME,Neutral,172,False,Bottoming,0.5898,0.294,152.9,160.55,143.22,2026-11-05,open,,,1,,,-0.0124,0.0625
2026-10-04,FUWANGCER,Neutral,173,True,Late fall,0.5848,0.2896,12.0,12.95,10.95,2026-11-05,open,,,1,,,-0.0083,0.0875
2026-10-04,FAMILYTEX,Neutral,174,False,Mid fall,0.591,0.2959,2.3,2.42,2.17,2026-11-05,open,,,1,,,-0.0435,0.0957
2026-10-04,PREMIERLEA,Neutral,175,False,Late fall,0.5932,0.2982,1.9,2.0,1.67,2026-11-05,closed,Take-profit,2026-10-05,1,0.0526,0.0426,,
2026-10-04,SEMLFBSLGF,Neutral,176,False,Late fall,0.5931,0.2996,6.7,7.04,6.44,2026-11-05,open,,,1,,,0.0,0.0507
2026-10-04,WATACHEM,Neutral,177,False,Bottoming,0.577,0.2865,128.4,134.82,123.41,2026-11-05,open,,,1,,,-0.0241,0.0741
2026-10-04,DHAKAINS,Neutral,178,False,Topping,0.4929,0.2024,44.9,47.14,40.5,2026-11-05,open,,,1,,,-0.0334,0.0833
2026-10-04,SQUARETEXT,Neutral,179,False,Mid fall,0.5071,0.2199,48.5,51.78,46.49,2026-11-05,open,,,1,,,-0.0041,0.0718
2026-10-04,GREENDELT,Neutral,180,False,Early rise,0.5031,0.2164,66.9,74.25,59.39,2026-11-05,open,,,1,,,-0.0299,0.1398
2026-10-04,MTB,Neutral,181,False,Early rise,0.446,0.1604,13.4,14.07,12.31,2026-11-05,open,,,1,,,0.0,0.05
2026-10-04,BANGAS,Neutral,182,False,Late fall,0.5853,0.3,116.1,121.9,108.97,2026-11-05,open,,,1,,,0.0164,0.0336
2026-10-04,PURABIGEN,Neutral,183,False,Late fall,0.5188,0.2337,27.9,30.88,26.12,2026-11-05,open,,,1,,,-0.0179,0.1247
2026-10-04,ALARABANK,Neutral,184,False,Mid fall,0.5615,0.2783,15.0,15.75,13.85,2026-11-05,open,,,1,,,0.0,0.05
2026-10-04,QUASEMIND,Neutral,185,False,Early rise,0.5686,0.2876,38.9,40.84,36.94,2026-11-05,open,,,1,,,-0.0308,0.0807
2026-10-04,BDAUTOCA,Neutral,186,False,Early rise,0.5233,0.2436,195.5,214.13,177.21,2026-11-05,open,,,1,,,-0.0399,0.1352
2026-10-04,EBLNRBMF,Neutral,187,False,Late fall,0.5558,0.2771,3.5,3.68,3.36,2026-11-05,open,,,1,,,-0.0286,0.08
2026-10-04,ABBANK,Neutral,188,False,Early fall,0.5387,0.2603,4.3,4.51,3.93,2026-11-05,open,,,1,,,-0.0233,0.0721
2026-10-04,DOMINAGE,Neutral,189,False,Early rise,0.4657,0.1894,65.8,74.82,58.97,2026-11-05,open,,,1,,,-0.0198,0.1568
2026-10-04,DHAKABANK,Neutral,190,True,Late fall,0.5419,0.2728,11.2,11.76,10.75,2026-11-05,open,,,1,,,-0.0089,0.0589
2026-10-04,RELIANCINS,Neutral,191,False,Early rise,0.507,0.2408,104.2,110.08,95.43,2026-11-05,open,,,1,,,-0.0288,0.0852
2026-10-04,EBL1STMF,Neutral,192,False,Topping,0.5152,0.2501,4.4,4.85,4.03,2026-11-05,open,,,1,,,0.0227,0.0795
2026-10-04,QUEENSOUTH,Neutral,193,False,Late fall,0.5518,0.2876,13.7,14.94,12.29,2026-11-05,open,,,1,,,-0.0365,0.127
2026-10-04,DULAMIACOT,Neutral,194,False,Early rise,0.567,0.3031,213.9,224.6,194.68,2026-11-05,open,,,1,,,-0.0103,0.0603
2026-10-04,RAKCERAMIC,Neutral,195,False,Late fall,0.5455,0.282,25.8,27.09,24.45,2026-11-05,open,,,1,,,-0.0388,0.0888
2026-10-04,MBL1STMF,Neutral,196,False,Topping,0.5587,0.2967,10.2,10.89,8.98,2026-11-05,open,,,1,,,0.0294,0.0382
2026-10-04,PUBALIBANK,Neutral,197,False,Early rise,0.4804,0.2191,37.8,39.8,35.79,2026-11-05,open,,,1,,,0.0265,0.0265
2026-10-04,SAIHAMTEX,Neutral,198,False,Early rise,0.5681,0.3083,44.1,46.31,38.81,2026-11-05,open,,,1,,,-0.0227,0.0728
2026-10-04,MERCINS,Neutral,199,False,Topping,0.5351,0.2763,50.6,53.26,45.26,2026-11-05,open,,,1,,,-0.0296,0.0822
2026-10-04,SIPLC,Neutral,200,False,Mid rise,0.5318,0.2732,144.9,158.7,127.51,2026-11-05,open,,,1,,,-0.02,0.1153
2026-10-04,RSRMSTEEL,Neutral,201,False,Late fall,0.5771,0.3191,6.1,6.4,5.7,2026-11-05,closed,Take-profit,2026-10-05,1,0.0492,0.0392,,
2026-10-04,MATINSPINN,Neutral,202,False,Early rise,0.5427,0.285,71.6,75.18,64.29,2026-11-05,open,,,1,,,0.0182,0.0318
2026-10-04,CITYBANK,Neutral,203,False,Bottoming,0.445,0.1918,29.7,31.18,28.51,2026-11-05,open,,,1,,,0.0,0.0498
2026-10-04,BEACHHATCH,Neutral,204,True,Early fall,0.565,0.3168,25.7,26.98,23.89,2026-11-05,open,,,1,,,-0.035,0.0848
2026-10-04,KTL,Neutral,205,False,Late rise,0.546,0.2979,14.1,14.8,12.9,2026-11-05,closed,Take-profit,2026-10-05,1,0.0496,0.0396,,
2026-10-04,KBPPWBIL,Neutral,206,False,Topping,0.4435,0.1973,35.1,36.86,30.89,2026-11-05,open,,,1,,,-0.0256,0.0758
2026-10-04,GLOBALINS,Neutral,207,False,Topping,0.5273,0.2822,43.6,45.78,39.0,2026-11-05,open,,,1,,,-0.0275,0.0775
2026-10-04,ATLASBANG,Neutral,208,False,Bottoming,0.5643,0.3197,79.8,83.79,75.69,2026-11-05,open,,,1,,,-0.0088,0.0588
2026-10-04,ASIATICLAB,Neutral,209,False,Late fall,0.5325,0.2882,107.3,118.96,100.66,2026-11-05,open,,,1,,,-0.0075,0.1161
2026-10-04,GBBPOWER,Neutral,210,False,Mid fall,0.5531,0.3089,13.3,13.97,12.71,2026-11-05,open,,,1,,,-0.015,0.0654
2026-10-04,SAMORITA,Neutral,211,False,Early rise,0.5345,0.2981,90.8,95.34,81.36,2026-11-05,open,,,1,,,-0.0264,0.0764
2026-10-04,POPULARLIF,Neutral,212,False,Late fall,0.526,0.2897,54.8,59.68,52.92,2026-11-05,open,,,1,,,-0.0219,0.1109
2026-10-04,TUNGHAI,Neutral,213,False,Mid fall,0.5512,0.315,4.6,4.83,4.05,2026-11-05,open,,,1,,,0.0,0.05
2026-10-04,ACIFORMULA,Neutral,214,False,Late fall,0.5486,0.3127,149.8,157.29,140.81,2026-11-05,open,,,1,,,-0.0113,0.0613
2026-10-04,RUNNERAUTO,Neutral,215,False,Late fall,0.5445,0.3089,43.4,45.57,41.26,2026-11-05,open,,,1,,,0.0161,0.0339
2026-10-04,ENVOYTEX,Neutral,216,False,Topping,0.5131,0.279,72.7,76.34,65.71,2026-11-05,open,,,1,,,-0.0165,0.0666
2026-10-04,SAFKOSPINN,Neutral,217,True,Late rise,0.551,0.3175,22.2,23.31,20.79,2026-11-05,open,,,1,,,-0.0405,0.0905
2026-10-04,KDSALTD,Neutral,218,False,Early rise,0.5372,0.3051,43.4,45.57,41.09,2026-11-05,open,,,1,,,-0.0276,0.0776
2026-10-04,DSSL,Neutral,219,False,Late fall,0.5458,0.3143,10.8,11.78,10.37,2026-11-05,open,,,1,,,-0.0278,0.1185
2026-10-04,MITHUNKNIT,Neutral,220,False,Mid fall,0.5583,0.3272,13.2,13.86,12.66,2026-11-05,open,,,1,,,0.0,0.05
2026-10-04,FUWANGFOOD,Neutral,221,True,Late fall,0.5556,0.3247,9.3,9.76,8.85,2026-11-05,open,,,1,,,-0.0108,0.0602
2026-10-04,NHFIL,Neutral,222,False,Late fall,0.5365,0.3063,25.9,27.72,24.47,2026-11-05,open,,,1,,,-0.0116,0.0819
2026-10-04,CAPMBDBLMF,Neutral,223,True,Late fall,0.4174,0.1899,7.2,7.56,6.48,2026-11-05,open,,,1,,,0.0,0.05
2026-10-04,AGRANINS,Neutral,224,False,Mid rise,0.4251,0.2002,28.4,32.27,25.63,2026-11-05,open,,,1,,,-0.0282,0.1644
2026-10-04,DOREENPWR,Neutral,225,False,Mid rise,0.4313,0.208,31.8,34.75,29.1,2026-11-05,open,,,1,,,-0.0283,0.1211
2026-10-04,RENWICKJA,Neutral,226,False,Late fall,0.536,0.3129,711.4,746.97,677.6,2026-11-05,open,,,1,,,-0.0142,0.0642
2026-10-04,BEXGSUKUK,Neutral,227,False,Bottoming,0.4262,0.2048,70.5,74.03,67.68,2026-11-05,open,,,1,,,0.0071,0.043
2026-10-04,IBNSINA,Neutral,228,False,Late fall,0.4062,0.185,310.9,326.44,298.46,2026-11-05,open,,,1,,,-0.0084,0.0583
2026-10-04,AFTABAUTO,Neutral,229,False,Topping,0.5363,0.3152,25.8,27.09,24.88,2026-11-05,open,,,1,,,-0.0116,0.0616
2026-10-04,NCCBANK,Neutral,230,False,Late fall,0.4987,0.2794,14.2,14.91,13.63,2026-11-05,open,,,1,,,-0.007,0.057
2026-10-04,AGNISYSL,Neutral,231,False,Early fall,0.5477,0.3293,26.7,28.04,24.57,2026-11-05,open,,,1,,,-0.0375,0.0876
2026-10-04,NCCBLMF1,Neutral,232,True,Late fall,0.5093,0.2921,6.4,6.72,5.71,2026-11-05,open,,,1,,,-0.0156,0.0656
2026-10-04,ACI,Neutral,233,False,Early rise,0.4165,0.2007,183.0,192.15,176.72,2026-11-05,open,,,1,,,-0.0087,0.0587
2026-10-04,BIFC,Neutral,234,False,Late fall,0.5513,0.3355,3.1,3.26,2.87,2026-11-05,open,,,1,,,-0.0323,0.0839
2026-10-04,PEOPLESINS,Neutral,235,False,Early rise,0.4443,0.2315,60.4,67.42,55.41,2026-11-05,open,,,1,,,-0.0215,0.1377
2026-10-04,PARAMOUNT,Neutral,236,False,Early rise,0.46,0.2487,62.1,69.3,56.56,2026-11-05,open,,,1,,,-0.0081,0.124
2026-10-04,UTTARAFIN,Neutral,237,False,Early fall,0.5431,0.3318,11.4,11.97,10.76,2026-11-05,closed,Take-profit,2026-10-05,1,0.05,0.04,,
2026-10-04,BDLAMPS,Neutral,238,False,Late rise,0.542,0.3308,248.0,260.4,228.73,2026-11-05,closed,Take-profit,2026-10-05,1,0.05,0.04,,
2026-10-04,UNITEDINS,Neutral,239,False,Late fall,0.5218,0.3109,59.5,62.48,55.49,2026-11-05,open,,,1,,,-0.0202,0.0703
2026-10-04,NEWLINE,Neutral,240,False,Late fall,0.5454,0.3349,5.3,5.56,5.03,2026-11-05,open,,,1,,,-0.0377,0.0868
2026-10-04,DBH1STMF,Neutral,241,False,Topping,0.5057,0.2957,5.5,6.14,5.23,2026-11-05,open,,,1,,,-0.0364,0.1527
2026-10-04,LRGLOBMF1,Neutral,242,False,Mid rise,0.4957,0.2871,4.3,4.51,4.03,2026-11-05,open,,,1,,,-0.0233,0.0721
2026-10-04,NPOLYMER,Neutral,243,False,Mid rise,0.5234,0.3155,31.5,34.24,30.04,2026-11-05,open,,,1,,,-0.0317,0.1187
2026-10-04,MONOSPOOL,Neutral,244,False,Early rise,0.439,0.231,104.3,109.52,96.57,2026-11-05,open,,,1,,,-0.0048,0.0548
2026-10-04,MERCANBANK,Neutral,245,True,Late fall,0.5269,0.3201,6.2,6.51,5.81,2026-11-05,open,,,1,,,0.0,0.05
2026-10-04,HRTEX,Neutral,246,False,Early rise,0.4887,0.2823,16.4,17.22,15.72,2026-11-05,open,,,1,,,-0.0122,0.0622
2026-10-04,NAHEEACP,Neutral,247,False,Mid rise,0.4511,0.2464,35.4,37.17,31.32,2026-11-05,open,,,1,,,-0.0085,0.0585
2026-10-04,TAKAFULINS,Neutral,248,False,Mid rise,0.496,0.2919,52.1,57.32,48.41,2026-11-05,open,,,1,,,-0.0288,0.129
2026-10-04,REGENTTEX,Neutral,249,False,Late fall,0.5306,0.3284,5.6,6.14,5.12,2026-11-05,open,,,1,,,-0.0179,0.1143
2026-10-04,BENGALWTL,Neutral,250,False,Early rise,0.4399,0.2377,21.0,22.05,19.82,2026-11-05,open,,,1,,,-0.0286,0.0786
2026-10-04,BANKASIA,Neutral,251,True,Late fall,0.4768,0.2753,16.3,17.12,15.65,2026-11-05,open,,,1,,,0.0,0.0503
2026-10-04,PHOENIXFIN,Neutral,252,False,Mid fall,0.5308,0.3304,3.2,3.36,2.95,2026-11-05,open,,,1,,,-0.0312,0.0812
2026-10-04,AMANFEED,Neutral,253,False,Late fall,0.4845,0.2858,30.2,33.36,27.93,2026-11-05,open,,,1,,,-0.053,0.1576
2026-10-04,SIMTEX,Neutral,254,False,Early rise,0.4543,0.2561,25.3,27.62,22.87,2026-11-05,open,,,1,,,-0.0356,0.1273
2026-10-04,STANDBANKL,Neutral,255,False,Mid fall,0.5193,0.3245,4.3,4.51,4.02,2026-11-05,open,,,1,,,0.0,0.0488
2026-10-04,1STPRIMFMF,Neutral,256,False,Topping,0.5053,0.3124,32.2,36.23,28.34,2026-11-05,open,,,1,,,-0.0497,0.1748
2026-10-04,NRBCBANK,Neutral,257,False,Mid fall,0.5094,0.3229,9.1,9.56,8.66,2026-11-05,open,,,1,,,0.0,0.0505
2026-10-04,MAKSONSPIN,Neutral,258,False,Mid fall,0.5237,0.3385,5.4,5.67,5.08,2026-11-05,closed,Stop,2026-10-05,1,-0.0593,-0.0693,,
2026-10-04,APEXTANRY,Neutral,259,True,Late fall,0.4726,0.2949,92.7,102.36,85.49,2026-11-05,open,,,1,,,-0.0227,0.1269
2026-10-04,JHRML,Neutral,260,False,Topping,0.4315,0.2539,42.5,44.62,40.37,2026-11-05,open,,,1,,,-0.0259,0.0758
2026-10-04,BSCPLC,Neutral,261,False,Late fall,0.4487,0.2719,143.3,150.47,137.57,2026-11-05,open,,,1,,,-0.0091,0.0591
2026-10-04,BDTHAI,Neutral,262,False,Late fall,0.4819,0.3075,14.2,14.91,12.74,2026-11-05,open,,,1,,,-0.0493,0.0993
2026-10-04,PHENIXINS,Neutral,263,True,Mid fall,0.4755,0.3037,47.2,49.56,44.81,2026-11-05,open,,,1,,,-0.0148,0.0648
2026-10-04,SONARGAON,Neutral,264,True,Early rise,0.48,0.3098,110.9,120.38,97.59,2026-11-05,open,,,1,,,-0.0207,0.1062
2026-10-04,AAMRATECH,Neutral,265,False,Mid fall,0.4993,0.3296,16.3,17.72,15.27,2026-11-05,open,,,1,,,0.0,0.0871
2026-10-04,CNATEX,Neutral,266,False,Early rise,0.4706,0.3024,2.9,3.04,2.75,2026-11-05,open,,,1,,,0.0,0.0483
2026-10-04,NURANI,Neutral,267,False,Mid fall,0.5088,0.3415,3.0,3.15,2.75,2026-11-05,open,,,1,,,-0.0667,0.1167
2026-10-04,ICB3RDNRB,Neutral,268,False,Mid rise,0.4328,0.2685,6.0,6.83,5.29,2026-11-05,open,,,1,,,0.0,0.1383
2026-10-04,TECHNODRUG,Neutral,269,False,Bottoming,0.483,0.3196,40.7,43.66,38.09,2026-11-05,closed,Stop,2026-10-05,1,-0.0641,-0.0741,,
2026-10-04,ROBI,Neutral,270,False,Late fall,0.4451,0.2842,30.0,31.5,28.8,2026-11-05,open,,,1,,,0.0,0.05
2026-10-04,SKTRIMS,Neutral,271,False,Mid rise,0.4402,0.2801,13.9,15.15,12.37,2026-11-05,open,,,1,,,-0.036,0.1259
2026-10-04,ACTIVEFINE,Neutral,272,False,Late fall,0.5109,0.3515,5.3,5.56,5.01,2026-11-05,open,,,1,,,-0.0377,0.0868
2026-10-04,ACMEPL,Neutral,273,True,Late rise,0.5069,0.3498,25.5,26.78,23.78,2026-11-05,open,,,1,,,0.0118,0.0384
2026-10-04,TRUSTBANK,Neutral,274,False,Late fall,0.4708,0.314,13.4,14.07,12.86,2026-11-05,open,,,1,,,-0.0075,0.0575
2026-10-04,PADMAOIL,Neutral,275,False,Mid fall,0.3279,0.1734,195.5,205.28,187.68,2026-11-05,open,,,1,,,-0.0082,0.0582
2026-10-04,ESQUIRENIT,Neutral,276,False,Early rise,0.3952,0.2423,23.6,25.84,21.93,2026-11-05,open,,,1,,,-0.0297,0.1246
2026-10-04,GENEXIL,Neutral,277,False,Late fall,0.4803,0.3276,32.2,35.52,29.6,2026-11-05,open,,,1,,,-0.0466,0.1497
2026-10-04,MONNOAGML,Neutral,278,False,Topping,0.4955,0.343,301.7,316.79,286.55,2026-11-05,open,,,1,,,-0.0109,0.061
2026-10-04,AIBL1STIMF,Neutral,279,True,Topping,0.478,0.3268,5.8,6.09,5.25,2026-11-05,open,,,1,,,-0.0172,0.0672
2026-10-04,SUMITPOWER,Neutral,280,False,Late fall,0.4803,0.33,15.2,15.96,14.59,2026-11-05,open,,,1,,,-0.0066,0.0566
2026-10-04,SONALIANSH,Neutral,281,False,Mid rise,0.4165,0.2697,227.7,241.06,211.68,2026-11-05,open,,,1,,,-0.0079,0.0666
2026-10-04,NTC,Neutral,282,False,Bottoming,0.4587,0.3121,153.8,161.49,146.24,2026-11-05,open,,,1,,,-0.0117,0.0617
2026-10-04,GEMINISEA,Neutral,283,True,Late fall,0.5034,0.3588,106.7,112.04,102.46,2026-11-05,open,,,1,,,-0.0112,0.0613
2026-10-04,GLDNJMF,Neutral,284,True,Topping,0.4241,0.2798,8.7,10.0,7.75,2026-11-05,open,,,1,,,0.0,0.1494
2026-10-04,ALIF,Neutral,285,False,Mid fall,0.4889,0.3457,5.0,5.25,4.68,2026-11-05,open,,,1,,,-0.02,0.07
2026-10-04,APOLOISPAT,Neutral,286,False,Mid fall,0.4991,0.3562,2.7,2.84,2.51,2026-11-05,open,,,1,,,-0.037,0.0889
2026-10-04,OAL,Neutral,287,False,Late fall,0.5066,0.3639,5.7,5.98,5.41,2026-11-05,open,,,1,,,0.0175,0.0316
2026-10-04,FARCHEM,Neutral,288,False,Late fall,0.43,0.2886,15.5,17.7,14.15,2026-11-05,open,,,1,,,-0.0129,0.1548
2026-10-04,LINDEBD,Neutral,289,False,Late fall,0.384,0.2428,664.2,697.41,637.63,2026-11-05,open,,,1,,,0.0002,0.0498
2026-10-04,BXPHARMA,Neutral,290,False,Late fall,0.4225,0.2823,144.5,151.72,138.72,2026-11-05,open,,,1,,,-0.0118,0.0617
2026-10-04,AAMRANET,Neutral,291,True,Topping,0.3369,0.1995,18.6,20.26,17.1,2026-11-05,open,,,1,,,0.0054,0.0839
2026-10-04,STANCERAM,Neutral,292,False,Bottoming,0.4837,0.3468,65.4,69.0,62.92,2026-11-05,open,,,1,,,-0.0199,0.0749
2026-10-04,RUPALIBANK,Neutral,293,False,Late fall,0.4878,0.351,16.7,17.54,16.03,2026-11-05,open,,,1,,,0.0,0.0503
2026-10-04,BSRMSTEEL,Neutral,294,False,Late fall,0.4516,0.3164,82.6,86.73,78.14,2026-11-05,open,,,1,,,0.0048,0.0452
2026-10-04,IBBLPBOND,Neutral,295,False,Early rise,0.3216,0.1876,699.5,770.22,619.29,2026-11-05,open,,,1,,,-0.0436,0.1447
2026-10-04,BPML,Neutral,296,False,Mid rise,0.342,0.2085,25.9,29.54,24.06,2026-11-05,open,,,1,,,-0.0347,0.1753
2026-10-04,KOHINOOR,Neutral,297,False,Early fall,0.3462,0.2154,520.1,546.1,499.3,2026-11-05,open,,,1,,,-0.0065,0.0565
2026-10-04,SSSTEEL,Neutral,298,False,Late fall,0.4794,0.3538,5.7,6.17,5.34,2026-11-05,open,,,1,,,-0.0175,0.1
2026-10-04,ONEBANKPLC,Neutral,299,False,Late fall,0.4799,0.355,7.4,7.77,7.03,2026-11-05,open,,,1,,,-0.0405,0.0905
2026-10-04,BSRMLTD,Neutral,300,False,Late fall,0.4683,0.344,92.7,97.34,88.99,2026-11-05,open,,,1,,,0.0108,0.0393
2026-10-04,UTTARABANK,Neutral,301,False,Late fall,0.312,0.1913,20.7,21.74,19.87,2026-11-05,open,,,1,,,-0.0048,0.0551
2026-10-04,NRBBANK,Neutral,302,False,Bottoming,0.4693,0.3489,6.7,7.04,6.35,2026-11-05,open,,,1,,,0.0,0.0507
2026-10-04,BAYLEASING,Neutral,303,False,Late fall,0.4882,0.3686,4.1,4.3,3.82,2026-11-05,closed,Take-profit,2026-10-05,1,0.0488,0.0388,,
2026-10-04,AOL,Neutral,304,False,Mid rise,0.46,0.3405,18.3,19.22,16.84,2026-11-05,open,,,1,,,-0.0164,0.0667
2026-10-04,ACMELAB,Neutral,305,False,Late fall,0.3985,0.2801,77.6,81.48,74.5,2026-11-05,open,,,1,,,-0.009,0.059
2026-10-04,PREMIERCEM,Neutral,306,False,Late rise,0.4059,0.2893,42.3,46.37,39.33,2026-11-05,open,,,1,,,-0.0189,0.1151
2026-10-04,NBL,Neutral,307,False,Late fall,0.462,0.3456,3.2,3.36,2.94,2026-11-05,open,,,1,,,0.0,0.05
2026-10-04,RECKITTBEN,Neutral,308,False,Late fall,0.2807,0.175,3252.0,3414.6,3121.92,2026-11-05,open,,,1,,,0.0001,0.0499
2026-10-04,MPETROLEUM,Neutral,309,False,Topping,0.2352,0.1331,204.2,214.41,196.03,2026-11-05,open,,,1,,,0.0049,0.0451
2026-10-04,BEXIMCO,Neutral,310,False,Early fall,0.4308,0.3289,20.2,21.21,19.17,2026-11-05,open,,,1,,,-0.0149,0.0649
2026-10-04,LANKABAFIN,Neutral,311,False,Late fall,0.4573,0.3563,14.1,14.97,13.39,2026-11-05,open,,,1,,,-0.0142,0.0759
2026-10-04,PDL,Neutral,312,False,Late fall,0.4744,0.3738,5.5,5.87,5.25,2026-11-05,open,,,1,,,-0.0182,0.0855
2026-10-04,GP,Neutral,313,False,Late fall,0.3311,0.2308,240.8,252.84,231.17,2026-11-05,open,,,1,,,-0.0025,0.0525
2026-10-04,NAVANAPHAR,Neutral,314,False,Early rise,0.3975,0.2994,62.1,68.71,59.65,2026-11-05,open,,,1,,,-0.0161,0.1225
2026-10-04,ITC,Neutral,315,False,Late fall,0.4548,0.3601,42.9,45.83,40.69,2026-11-05,open,,,1,,,-0.0303,0.0986
2026-10-04,IBP,Neutral,316,False,Late fall,0.4234,0.3317,14.2,16.11,13.03,2026-11-05,open,,,1,,,-0.0282,0.1627
2026-10-04,JAMUNABANK,Neutral,317,False,Late fall,0.3787,0.2871,22.8,23.94,21.89,2026-11-05,open,,,1,,,0.0044,0.0456
2026-10-04,TALLUSPIN,Neutral,318,False,Late fall,0.462,0.3721,6.8,7.2,6.53,2026-11-05,open,,,1,,,-0.0294,0.0882
2026-10-04,SQURPHARMA,Neutral,319,False,Mid fall,0.2874,0.1996,218.0,228.9,209.28,2026-11-05,open,,,1,,,-0.0018,0.0518
2026-10-04,BDFINANCE,Neutral,320,False,Late fall,0.4536,0.3659,11.0,12.08,10.34,2026-11-05,open,,,1,,,-0.0182,0.1164
2026-10-04,LHB,Neutral,321,False,Mid rise,0.3627,0.2751,52.2,56.03,50.0,2026-11-05,open,,,1,,,0.0,0.0734
2026-10-04,BERGERPBL,Neutral,322,False,Late rise,0.2603,0.174,1459.9,1532.9,1387.42,2026-11-05,open,,,1,,,-0.0027,0.0527
2026-10-04,ISLAMIBANK,Neutral,323,False,Mid fall,0.4404,0.355,26.4,27.72,25.34,2026-11-05,open,,,1,,,-0.0152,0.0652
2026-10-04,IFADAUTOS,Neutral,324,False,Bottoming,0.4188,0.3376,23.4,25.24,21.94,2026-11-05,open,,,1,,,-0.0085,0.0872
2026-10-04,WMSHIPYARD,Neutral,325,True,Late fall,0.4631,0.386,8.4,8.82,8.0,2026-11-05,open,,,1,,,-0.0357,0.0857
2026-10-04,BATASHOE,Neutral,326,False,Topping,0.2859,0.2089,884.0,928.2,848.64,2026-11-05,open,,,1,,,-0.0011,0.0511
2026-10-04,PBLPBOND,Neutral,327,False,Mid rise,0.2348,0.1591,4900.0,5145.0,4491.46,2026-11-05,open,,,1,,,0.0,0.05
2026-10-04,POWERGRID,Neutral,328,False,Late fall,0.4515,0.3761,37.1,38.96,35.62,2026-11-05,open,,,1,,,-0.0054,0.0555
2026-10-04,SJIBLPBOND,Neutral,329,False,Mid rise,0.2407,0.1697,4700.0,4935.0,4506.7,2026-11-05,open,,,1,,,0.0,0.05
2026-10-04,CONFIDCEM,Neutral,330,False,Early rise,0.4043,0.3352,58.6,64.35,56.02,2026-11-05,open,,,1,,,-0.0085,0.1067
2026-10-04,MONNOCERA,Neutral,331,False,Early rise,0.2763,0.2097,82.9,94.45,77.18,2026-11-05,open,,,1,,,-0.0181,0.1574
2026-10-04,CENTRALPHL,Neutral,332,False,Late fall,0.4187,0.3523,8.9,9.82,8.26,2026-11-05,open,,,1,,,-0.0225,0.1258
2026-10-04,SOUTHEASTB,Neutral,333,True,Early fall,0.3515,0.2859,11.1,11.66,10.02,2026-11-05,open,,,1,,,0.009,0.0414
2026-10-04,UNILEVERCL,Neutral,334,False,Late fall,0.2333,0.1681,1972.5,2071.12,1893.6,2026-11-05,open,,,1,,,0.0014,0.0486
2026-10-04,ISLAMICFIN,Neutral,335,False,Late fall,0.4527,0.3881,10.6,11.13,10.18,2026-11-05,open,,,1,,,-0.0283,0.0783
2026-10-04,MARICO,Neutral,336,False,Late fall,0.2325,0.1687,2651.3,2783.86,2545.25,2026-11-05,open,,,1,,,0.0036,0.0464
2026-10-04,KEYACOSMET,Neutral,337,False,Mid rise,0.4005,0.3368,5.2,5.53,4.85,2026-11-05,open,,,1,,,-0.0192,0.0827
2026-10-04,RINGSHINE,Neutral,338,False,Mid fall,0.4059,0.3432,3.7,4.16,3.38,2026-11-05,open,,,1,,,0.0,0.1243
2026-10-04,BESTHLDNG,Neutral,339,False,Late fall,0.4151,0.3528,14.6,15.71,14.04,2026-11-05,open,,,1,,,-0.0274,0.1034
2026-10-04,GSPFINANCE,Neutral,340,True,Mid fall,0.458,0.3973,3.4,3.57,3.15,2026-11-05,open,,,1,,,-0.0588,0.1088
2026-10-04,WALTONHIL,Neutral,341,False,Late fall,0.3565,0.2969,333.5,350.18,320.16,2026-11-05,open,,,1,,,-0.0054,0.0554
2026-10-04,IBBL2PBOND,Neutral,342,False,Late fall,0.2079,0.1499,3950.0,4147.5,3792.0,2026-11-05,open,,,1,,,0.0042,0.0458
2026-10-04,KPCL,Neutral,343,False,Late fall,0.4408,0.3838,10.5,11.13,10.12,2026-11-05,open,,,1,,,-0.0286,0.0886
2026-10-04,MIRACLEIND,Neutral,344,False,Late fall,0.4514,0.3988,25.4,26.67,24.26,2026-11-05,open,,,1,,,-0.0236,0.0736
2026-10-04,BSC,Neutral,345,False,Mid fall,0.3675,0.3156,108.3,113.72,103.35,2026-11-05,open,,,1,,,-0.0028,0.0528
2026-10-04,AMBEEPHA,Neutral,346,False,Late fall,0.4172,0.3662,744.1,781.3,714.34,2026-11-05,open,,,1,,,-0.0044,0.0544
2026-10-04,AIBLPBOND,Neutral,347,False,Mid rise,0.1934,0.1477,4200.0,4410.0,3890.25,2026-11-05,open,,,1,,,0.0,0.05
2026-10-04,HWAWELLTEX,Neutral,348,True,Mid fall,0.4085,0.3737,46.4,50.89,44.66,2026-11-05,open,,,1,,,0.0366,0.0601
2026-10-04,ADVENT,Neutral,349,False,Mid rise,0.42,0.3851,13.3,13.97,12.61,2026-11-05,open,,,1,,,-0.0226,0.0729
2026-10-04,BDCOM,Neutral,350,False,Early rise,0.3392,0.3067,27.7,30.86,26.41,2026-11-05,open,,,1,,,-0.0217,0.1357
2026-10-04,RENATA,Neutral,351,False,Late fall,0.3483,0.3236,444.6,466.83,426.82,2026-11-05,open,,,1,,,-0.0034,0.0534
2026-10-04,APEXFOOT,Neutral,352,True,Late fall,0.3927,0.3791,198.1,208.0,189.55,2026-11-05,open,,,1,,,-0.0167,0.0666
2026-10-04,GENNEXT,Neutral,353,False,Mid fall,0.4177,0.4071,2.9,3.07,2.78,2026-11-05,open,,,1,,,0.0,0.0586
2026-10-04,NAVANACNG,Neutral,354,False,Topping,0.396,0.3895,19.4,21.14,18.74,2026-11-05,open,,,1,,,-0.0052,0.0948
2026-10-04,UCB,Neutral,355,False,Mid fall,0.2365,0.2301,8.8,9.74,8.51,2026-11-05,open,,,1,,,-0.0227,0.1295
2026-10-04,BARKAPOWER,Neutral,356,True,Late fall,0.4197,0.4172,9.7,10.18,9.16,2026-11-05,open,,,1,,,-0.0103,0.0598
2026-10-04,DEBARACEM,Neutral,357,True,Sideways,0.0374,0.0354,1865.0,1958.25,1790.4,2026-11-05,open,,,1,,,0.0,0.05
2026-10-04,METROSPIN,Neutral,358,False,Mid fall,0.3912,0.394,9.9,11.09,9.28,2026-11-05,open,,,1,,,-0.0202,0.1404
2026-10-04,LHBL,Neutral,359,False,Mid fall,0.0184,0.0214,57.5,60.38,55.2,2026-11-05,open,,,1,,,0.0,0.0501
2026-10-04,RNSPIN,Neutral,360,False,Mid fall,0.0162,0.0206,14.9,15.65,14.3,2026-11-05,open,,,1,,,0.0,0.0503
2026-10-04,SHURWID,Neutral,361,False,Late fall,0.4043,0.4089,5.5,5.78,5.14,2026-11-05,open,,,1,,,0.0182,0.0327
2026-10-04,SEMLLECMF,Neutral,362,False,Late fall,0.0135,0.0278,7.4,7.77,7.1,2026-11-05,open,,,1,,,0.0,0.05
2026-10-04,GIB,Neutral,363,False,Late fall,0.0196,0.0347,1.7,1.78,1.63,2026-11-05,open,,,1,,,0.0,0.0471
2026-10-04,PAPERPROC,Neutral,364,False,Late fall,0.0152,0.0327,92.2,96.81,88.51,2026-11-05,open,,,1,,,0.0,0.05
2026-10-04,OIMEX,Neutral,365,False,Late fall,0.3473,0.3669,13.4,15.27,12.24,2026-11-05,open,,,1,,,-0.0149,0.1545
2026-10-04,FIRSTSBANK,Neutral,366,False,Late fall,0.0164,0.0367,1.9,2.0,1.82,2026-11-05,open,,,1,,,0.0,0.0526
2026-10-04,UNIONBANK,Neutral,367,False,Late fall,0.0191,0.0419,1.5,1.58,1.44,2026-11-05,open,,,1,,,0.0,0.0533
2026-10-04,EXIMBANK,Neutral,368,False,Late fall,0.0311,0.0583,3.0,3.15,2.88,2026-11-05,open,,,1,,,0.0,0.05
2026-10-04,LIBRAINFU,Neutral,369,False,Late fall,0.3856,0.4177,563.2,591.36,540.67,2026-11-05,open,,,1,,,-0.0094,0.0594
2026-10-04,ICBIBANK,Neutral,370,False,Bottoming,0.3696,0.4038,2.6,2.77,2.48,2026-11-05,open,,,1,,,0.0,0.0654
2026-10-04,IFIC,Neutral,371,False,Early fall,0.3698,0.4045,4.8,5.15,4.55,2026-11-05,open,,,1,,,0.0208,0.0521
2026-10-04,SIBL,Neutral,372,False,Late fall,0.0294,0.0685,3.0,3.15,2.88,2026-11-05,open,,,1,,,0.0,0.05
2026-10-04,BATBC,Neutral,373,False,Mid fall,0.3201,0.3604,221.4,232.47,212.54,2026-11-05,open,,,1,,,-0.0018,0.0518
2026-10-04,PREBPBOND,Neutral,374,False,Sideways,0.0845,0.1285,4465.0,4688.25,4286.4,2026-11-05,open,,,1,,,0.0,0.05
2026-10-04,APSCLBOND,Neutral,375,False,Mid rise,0.1588,0.2284,1060.0,1115.73,1001.32,2026-11-05,open,,,1,,,0.0,0.0526
2026-10-04,SEB1PBOND,Neutral,376,False,Mid fall,0.1691,0.2387,4380.0,4599.0,4204.8,2026-11-05,open,,,1,,,0.0,0.05
2026-10-04,UNIONCAP,Neutral,377,False,Late fall,0.3487,0.4752,4.1,4.3,3.88,2026-11-05,open,,,1,,,-0.0244,0.0732
2026-10-04,UNITEDFIN,Sell,378,True,Late fall,0.5036,0.3588,16.4,17.22,15.87,2026-11-05,open,,,1,,,-0.0122,0.0622
2026-10-04,IPDC,Sell,379,True,Topping,0.4616,0.3278,32.5,35.24,30.35,2026-11-05,open,,,1,,,-0.0369,0.1212
2026-10-04,APEXSPINN,Sell,380,False,Early rise,0.4114,0.2777,376.2,409.96,331.06,2026-11-05,open,,,1,,,0.0048,0.085
2026-10-04,PTL,Sell,381,True,Early rise,0.4185,0.3011,79.8,84.84,75.06,2026-11-05,open,,,1,,,0.0313,0.0318
2026-10-04,IFILISLMF1,Sell,382,True,Topping,0.4025,0.2985,5.8,6.34,5.11,2026-11-05,open,,,1,,,0.0,0.0931
2026-10-04,ARGONDENIM,Sell,383,False,Mid fall,0.4271,0.3286,22.2,23.31,20.33,2026-11-05,open,,,1,,,-0.036,0.086
2026-10-04,SHYAMPSUG,Sell,384,False,Bottoming,0.4632,0.3846,294.2,308.91,279.48,2026-11-05,closed,Take-profit,2026-10-05,1,0.05,0.04,,
2026-10-04,MHSML,Sell,385,False,Early rise,0.3576,0.2851,19.9,22.28,18.46,2026-11-05,open,,,1,,,-0.0402,0.1598
2026-10-04,KARNAPHULI,Sell,386,False,Mid fall,0.4357,0.4017,52.5,55.12,49.59,2026-11-05,open,,,1,,,-0.0038,0.0537
2026-10-04,FIRSTFIN,Sell,387,False,Bottoming,0.4214,0.406,4.4,4.75,4.13,2026-11-05,open,,,1,,,0.0227,0.0568
2026-10-04,EMERALDOIL,Sell,388,False,Late fall,0.3796,0.3642,26.5,30.1,24.78,2026-11-05,open,,,1,,,0.0189,0.117
2026-10-04,MTBPBOND,Sell,389,True,Sideways,0.0409,0.0413,1000000.0,1050000.0,960000.0,2026-11-05,open,,,1,,,0.0,0.05
2026-10-04,IDLC,Sell,390,False,Late fall,0.3544,0.3562,42.3,44.42,40.63,2026-11-05,open,,,1,,,-0.0118,0.0619
2026-10-04,DEBBXDENIM,Sell,391,False,Sideways,0.0277,0.031,1450.0,1522.5,1392.0,2026-11-05,open,,,1,,,0.0,0.05
2026-10-04,DEBBXTEX,Sell,392,False,Sideways,0.0275,0.0308,1300.0,1365.0,1248.0,2026-11-05,open,,,1,,,0.0,0.05
2026-10-04,MBPLCPBOND,Sell,393,True,Sideways,0.0426,0.0465,4850.0,5092.5,4656.0,2026-11-05,open,,,1,,,0.0,0.05
2026-10-04,DEBBDWELD,Sell,394,False,Sideways,0.0313,0.0354,1418.5,1489.42,1361.76,2026-11-05,open,,,1,,,0.0,0.05
2026-10-04,BPPL,Sell,395,False,Late fall,0.4085,0.413,18.4,19.7,17.18,2026-11-05,open,,,1,,,-0.0272,0.0978
2026-10-04,UCB2PBOND,Sell,396,False,Sideways,0.0377,0.0431,4700.0,4935.0,4512.0,2026-11-05,open,,,1,,,0.0,0.05
2026-10-04,DEBBDLUGG,Sell,397,False,Sideways,0.0148,0.0212,784.0,823.2,752.64,2026-11-05,open,,,1,,,0.0,0.05
2026-10-04,DEBBDZIPP,Sell,398,False,Sideways,0.0148,0.0212,700.0,735.0,672.0,2026-11-05,open,,,1,,,0.0,0.05
2026-10-04,DEBBXFISH,Sell,399,False,Sideways,0.0143,0.0212,835.0,876.75,801.6,2026-11-05,open,,,1,,,0.0,0.05
2026-10-04,DEBBXKNI,Sell,400,False,Sideways,0.0143,0.0212,900.0,945.0,864.0,2026-11-05,open,,,1,,,0.0,0.05
2026-10-04,BDSERVICE,Sell,401,False,Sideways,0.0313,0.0406,5.2,5.46,4.99,2026-11-05,open,,,1,,,0.0,0.05
2026-10-04,BANKASI1PB,Sell,402,False,Mid rise,0.0423,0.0528,8650.0,9082.5,8304.0,2026-11-05,open,,,1,,,0.0,0.05
2026-10-04,SALVOCHEM,Sell,403,False,Late rise,0.0138,0.025,30.4,31.92,29.18,2026-11-05,open,,,1,,,0.0,0.05
2026-10-04,SLIPLC,Sell,404,False,Mid rise,0.0206,0.0325,73.8,77.49,70.85,2026-11-05,open,,,1,,,0.0,0.05
2026-10-04,CBLPBOND,Sell,405,False,Sideways,0.0393,0.0519,1037500.0,1089375.0,996000.0,2026-11-05,open,,,1,,,0.0,0.05
2026-10-04,PREMIERBAN,Sell,406,False,Topping,0.4082,0.4232,5.6,5.88,5.33,2026-11-05,open,,,1,,,0.0,0.05
2026-10-04,VAMLBDMF1,Sell,407,False,Late rise,0.043,0.0586,7.1,7.46,6.82,2026-11-05,open,,,1,,,0.0,0.0507
2026-10-04,EBL,Sell,408,False,Late fall,0.2892,0.3076,22.8,24.35,21.85,2026-11-05,open,,,1,,,0.0,0.068
2026-10-04,SAVAREFR,Sell,409,False,Sideways,0.0236,0.0439,215.5,226.28,206.88,2026-11-05,open,,,1,,,0.0,0.05
2026-10-04,ATCSLGF,Sell,410,False,Late rise,0.016,0.0401,7.5,7.88,7.2,2026-11-05,open,,,1,,,0.0,0.0507
2026-10-04,ABBLPBOND,Sell,411,False,Late rise,0.0483,0.0757,1060.0,1113.0,1017.6,2026-11-05,open,,,1,,,0.0,0.05
2026-10-04,SAPORTL,Sell,412,True,Mid rise,0.3806,0.4088,58.7,61.64,55.73,2026-11-05,open,,,1,,,0.0,0.0501
2026-10-04,AZIZPIPES,Sell,413,False,Mid fall,0.3721,0.4096,75.9,82.76,71.08,2026-11-05,open,,,1,,,0.0277,0.0627
2026-10-04,DBLPBOND,Sell,414,False,Mid rise,0.0436,0.0852,6225.0,6536.25,5976.0,2026-11-05,open,,,1,,,0.0,0.05
2026-10-04,EHL,Sell,415,False,Early rise,0.2802,0.3424,81.8,89.79,78.64,2026-11-05,open,,,1,,,0.011,0.0867
2026-10-04,FAREASTFIN,Sell,416,False,Late rise,0.0548,0.1319,2.1,2.2,2.02,2026-11-05,open,,,1,,,0.0,0.0476
2026-10-04,ILFSL,Sell,417,False,Late rise,0.0519,0.1352,2.1,2.2,2.02,2026-11-05,open,,,1,,,0.0,0.0476
2026-10-04,SHASHADNIM,Sell,418,False,Bottoming,0.338,0.4294,27.7,29.7,25.98,2026-11-05,open,,,1,,,-0.0072,0.0794
2026-10-04,SAIHAMCOT,Sell,419,False,Bottoming,0.3043,0.396,23.2,26.24,21.79,2026-11-05,open,,,1,,,-0.0388,0.1698
2026-10-04,DBH,Sell,420,False,Late fall,0.3424,0.4344,39.7,41.68,38.11,2026-11-05,open,,,1,,,-0.0151,0.065
2026-10-04,FASFIN,Sell,421,False,Late fall,0.0506,0.1452,2.5,2.62,2.4,2026-11-05,open,,,1,,,0.0,0.048
2026-10-04,LEGACYFOOT,Sell,422,False,Bottoming,0.3575,0.4552,69.7,73.18,66.92,2026-11-05,open,,,1,,,-0.023,0.0729
2026-10-04,ALLTEX,Sell,423,False,Topping,0.355,0.4617,22.9,24.04,21.74,2026-11-05,open,,,1,,,0.0044,0.0454
2026-10-04,DAFODILCOM,Sell,424,False,Late fall,0.3427,0.4608,158.4,169.39,153.56,2026-11-05,closed,Stop,2026-10-05,1,-0.0306,-0.0406,,
2026-10-04,EASTRNLUB,Sell,425,False,Mid fall,0.3206,0.4506,1886.1,1980.4,1810.66,2026-11-05,open,,,1,,,-0.0046,0.0546
2026-10-04,INTRACO,Sell,426,False,Bottoming,0.291,0.5046,22.1,23.36,21.07,2026-11-05,closed,Take-profit,2026-10-05,1,0.057,0.047,,
2026-10-01,CLICL,Buy,1,False,Mid rise,0.7458,0.1253,47.3,49.66,42.05,2026-11-02,open,,,2,,,-0.0148,0.0647
2026-10-01,MEGHNALIFE,Buy,2,False,Early rise,0.6987,0.1369,51.3,53.93,47.82,2026-11-02,open,,,2,,,-0.0175,0.0688
2026-10-01,ISNLTD,Buy,3,False,Early rise,0.7278,0.1762,52.8,55.44,46.46,2026-11-02,open,,,2,,,-0.0814,0.1314
2026-10-01,SUNLIFEINS,Buy,4,False,Mid rise,0.6929,0.1874,57.7,60.59,51.21,2026-11-02,open,,,2,,,0.0347,0.0154
2026-10-01,DELTALIFE,Buy,5,False,Early rise,0.6655,0.1603,71.2,74.76,66.78,2026-11-02,open,,,2,,,-0.0183,0.0683
2026-10-01,ARAMIT,Buy,6,False,Late fall,0.7167,0.2194,171.8,180.39,165.8,2026-11-02,open,,,2,,,-0.0029,0.0529
2026-10-01,PROGRESLIF,Buy,7,False,Bottoming,0.7078,0.2214,36.7,38.54,34.64,2026-11-02,open,,,2,,,-0.03,0.0801
2026-10-01,RDFOOD,Buy,8,True,Early rise,0.6928,0.2169,22.8,23.94,21.16,2026-11-02,open,,,2,,,-0.0351,0.0851
2026-10-01,AFCAGRO,Buy,9,True,Late fall,0.6992,0.2261,5.7,5.98,5.17,2026-11-02,open,,,2,,,-0.0175,0.0667
2026-10-01,PRAGATILIF,Buy,10,False,Early rise,0.6704,0.1985,139.8,146.79,131.84,2026-11-02,open,,,2,,,-0.0393,0.0893
2026-10-01,BBSCABLES,Buy,11,False,Early rise,0.6762,0.2048,16.6,17.45,15.16,2026-11-02,open,,,2,,,-0.0602,0.1114
2026-10-01,KPPL,Buy,12,True,Early rise,0.6604,0.1954,13.6,14.28,12.24,2026-11-02,closed,Take-profit,2026-10-04,1,0.05,0.04,,
2026-10-01,INTECH,Buy,13,False,Early rise,0.66,0.1999,23.6,24.78,21.74,2026-11-02,open,,,2,,,-0.0297,0.0797
2026-10-01,AL-HAJTEX,Buy,14,False,Early rise,0.6586,0.2002,81.1,85.16,71.37,2026-11-02,open,,,2,,,-0.0814,0.1314
2026-10-01,MAGURAPLEX,Buy,15,False,Early rise,0.6586,0.2179,82.1,86.43,77.16,2026-11-02,open,,,2,,,-0.0097,0.0625
2026-10-01,FAREASTLIF,Buy,16,True,Late fall,0.6795,0.2411,17.8,18.69,16.77,2026-11-02,open,,,2,,,-0.0169,0.0669
2026-10-01,SHEPHERD,Buy,17,False,Early rise,0.6646,0.2367,12.8,13.44,11.79,2026-11-02,open,,,2,,,-0.0703,0.1203
2026-10-01,LOVELLO,Buy,18,False,Mid rise,0.6142,0.1991,51.1,53.66,44.97,2026-11-02,open,,,2,,,-0.0665,0.1166
2026-10-01,BDWELDING,Buy,19,True,Mid rise,0.6496,0.2471,11.6,12.18,10.54,2026-11-02,open,,,2,,,-0.0259,0.0759
2026-10-01,NATLIFEINS,Buy,20,False,Early rise,0.5488,0.1477,92.4,100.1,86.88,2026-11-02,open,,,2,,,-0.0043,0.0877
2026-10-01,RAHIMTEXT,Buy,21,False,Early rise,0.5617,0.1635,180.5,196.26,165.66,2026-11-02,open,,,2,,,-0.0017,0.089
2026-10-01,PADMALIFE,Buy,22,True,Late fall,0.6515,0.258,15.7,16.48,15.16,2026-11-02,closed,Take-profit,2026-10-04,1,0.0497,0.0397,,
2026-10-01,JMISMDL,Buy,23,False,Late fall,0.6445,0.2518,128.1,134.5,122.53,2026-11-02,open,,,2,,,-0.018,0.0679
2026-10-01,AIL,Buy,24,False,Late fall,0.6534,0.2665,30.6,32.13,29.21,2026-11-02,open,,,2,,,-0.0392,0.0892
2026-10-01,GOLDENSON,Buy,25,True,Late fall,0.6494,0.2626,11.9,12.61,10.78,2026-11-02,open,,,2,,,-0.0672,0.1269
2026-10-01,NORTHERN,Buy,26,True,Bottoming,0.6332,0.2579,99.3,105.23,92.8,2026-11-02,open,,,2,,,-0.0433,0.103
2026-10-01,PRIMETEX,Buy,27,True,Early fall,0.6338,0.2693,14.5,15.23,13.55,2026-11-02,open,,,2,,,-0.0483,0.0986
2026-10-01,EPGL,Buy,28,False,Late fall,0.6284,0.2705,16.5,17.32,15.58,2026-11-02,open,,,2,,,-0.0545,0.1042
2026-10-01,DESCO,Buy,29,False,Mid rise,0.5969,0.2405,22.6,23.73,21.39,2026-11-02,open,,,2,,,0.0354,0.0146
2026-10-01,PHARMAID,Buy,30,False,Late fall,0.5903,0.2343,549.8,577.29,518.72,2026-11-02,open,,,2,,,-0.014,0.064
2026-10-01,ARAMITCEM,Buy,31,True,Bottoming,0.6295,0.2787,11.3,11.87,10.67,2026-11-02,open,,,2,,,-0.0354,0.0858
2026-10-01,MJLBD,Buy,32,True,Late fall,0.5322,0.1851,90.0,94.5,86.4,2026-11-02,open,,,2,,,-0.0011,0.0511
2026-10-01,PENINSULA,Buy,33,True,Late fall,0.5312,0.1868,19.5,20.48,17.72,2026-11-02,open,,,2,,,-0.0718,0.1221
2026-10-01,TAMIJTEX,Buy,34,False,Late fall,0.6089,0.2653,112.2,117.81,108.17,2026-11-02,open,,,2,,,-0.0107,0.0607
2026-10-01,HEIDELBCEM,Buy,35,True,Late fall,0.5791,0.2401,208.0,218.4,201.62,2026-11-02,open,,,2,,,-0.0188,0.0688
2026-10-01,FORTUNE,Buy,36,True,Late fall,0.6161,0.2839,14.8,15.56,13.46,2026-11-02,open,,,2,,,-0.0608,0.1122
2026-10-01,KAY&QUE,Buy,37,False,Mid rise,0.5539,0.2229,400.9,439.66,365.16,2026-11-02,open,,,2,,,0.0055,0.0912
2026-10-01,SALVO,Buy,38,False,Mid rise,0.5307,0.2096,30.5,32.87,28.1,2026-11-02,open,,,2,,,-0.0459,0.1236
2026-10-01,EGEN,Buy,39,False,Early rise,0.5862,0.267,22.6,23.73,20.94,2026-11-02,open,,,2,,,-0.0487,0.0987
2026-10-01,GHCL,Buy,40,True,Late fall,0.6049,0.2914,19.6,20.7,18.58,2026-11-02,open,,,2,,,-0.0306,0.0867
2026-10-01,ORIONINFU,Buy,41,False,Early rise,0.5559,0.2454,257.7,270.58,226.78,2026-11-02,open,,,2,,,-0.1028,0.1528
2026-10-01,JUTESPINN,Buy,42,True,Late fall,0.6003,0.2901,205.3,215.57,197.09,2026-11-02,open,,,2,,,0.0005,0.0495
2026-10-01,UPGDCL,Buy,43,False,Late fall,0.563,0.2544,113.7,119.38,109.47,2026-11-02,open,,,2,,,-0.0062,0.0561
2026-10-01,MIDASFIN,Buy,44,True,Early rise,0.5932,0.2881,4.7,4.94,4.33,2026-11-02,open,,,2,,,-0.0426,0.0936
2026-10-01,BEACONPHAR,Buy,45,False,Late fall,0.492,0.1969,102.6,107.73,97.18,2026-11-02,open,,,2,,,-0.0185,0.0685
2026-10-01,DHAKABANK,Buy,46,True,Late fall,0.5529,0.2613,11.3,11.87,10.85,2026-11-02,open,,,2,,,-0.0177,0.0681
2026-10-01,DESHBANDHU,Buy,47,True,Late fall,0.5659,0.2851,16.9,18.24,15.69,2026-11-02,open,,,2,,,-0.0414,0.1207
2026-10-01,ORIONPHARM,Buy,48,True,Mid rise,0.5379,0.2597,29.0,30.49,25.52,2026-11-02,open,,,2,,,-0.0621,0.1134
2026-10-01,BEACHHATCH,Buy,49,True,Early rise,0.5815,0.3043,26.6,27.93,25.59,2026-11-02,closed,Stop,2026-10-05,2,-0.038,-0.048,,
2026-10-01,FUWANGCER,Buy,50,False,Late fall,0.5852,0.3081,12.5,13.12,11.93,2026-11-02,closed,Stop,2026-10-05,2,-0.0456,-0.0556,,
2026-10-01,STYLECRAFT,Buy,51,True,Late fall,0.5752,0.3018,52.8,55.44,49.79,2026-11-02,open,,,2,,,-0.0208,0.0708
2026-10-01,MONNOFABR,Buy,52,True,Early rise,0.5428,0.27,19.6,21.0,18.0,2026-11-02,open,,,2,,,-0.0612,0.1327
2026-10-01,CVOPRL,Buy,53,True,Early rise,0.4693,0.2039,160.8,169.39,141.62,2026-11-02,open,,,2,,,-0.0267,0.0802
2026-10-01,NTLTUBES,Buy,54,False,Late fall,0.5719,0.3084,60.9,63.94,58.6,2026-11-02,open,,,2,,,-0.0181,0.068
2026-10-01,TITASGAS,Buy,55,False,Late fall,0.5028,0.2406,17.6,18.82,16.34,2026-11-02,open,,,2,,,-0.0455,0.1148
2026-10-01,OLYMPIC,Buy,56,True,Late fall,0.5044,0.2504,142.3,149.42,136.61,2026-11-02,open,,,2,,,0.0007,0.0493
2026-10-01,RANFOUNDRY,Buy,57,True,Late fall,0.5413,0.2934,148.4,155.82,142.33,2026-11-02,open,,,2,,,-0.0013,0.0513
2026-10-01,JAMUNAOIL,Buy,58,True,Late fall,0.3951,0.1504,178.0,186.9,170.88,2026-11-02,open,,,2,,,-0.0011,0.0511
2026-10-01,RELIANCE1,Buy,59,True,Mid rise,0.4986,0.2545,12.8,13.76,11.3,2026-11-02,open,,,2,,,-0.0391,0.1141
2026-10-01,CAPMBDBLMF,Buy,60,True,Late fall,0.4633,0.2199,7.2,7.56,6.46,2026-11-02,open,,,2,,,0.0,0.05
2026-10-01,ADNTEL,Buy,61,False,Early rise,0.5209,0.2895,57.2,60.06,54.96,2026-11-02,open,,,2,,,-0.028,0.078
2026-10-01,SEAPEARL,Buy,62,True,Mid rise,0.4776,0.2489,35.6,38.67,31.33,2026-11-02,open,,,2,,,-0.0365,0.1228
2026-10-01,DACCADYE,Buy,63,True,Late fall,0.531,0.3093,15.4,16.42,14.32,2026-11-02,open,,,2,,,-0.013,0.0792
2026-10-01,SONALIPAPR,Buy,64,False,Early rise,0.5013,0.295,219.4,232.77,206.46,2026-11-02,open,,,2,,,-0.0055,0.0664
2026-10-01,BANKASIA,Buy,65,True,Late fall,0.4738,0.2696,16.2,17.01,15.55,2026-11-02,open,,,2,,,0.0062,0.0438
2026-10-01,RUPALILIFE,Buy,66,True,Early rise,0.3281,0.126,78.7,87.64,71.2,2026-11-02,open,,,2,,,-0.0318,0.1454
2026-10-01,FUWANGFOOD,Buy,67,True,Late fall,0.5371,0.3373,9.5,9.98,8.99,2026-11-02,open,,,2,,,-0.0316,0.0821
2026-10-01,GPHISPAT,Buy,68,True,Early rise,0.5003,0.305,16.0,16.8,15.19,2026-11-02,open,,,2,,,-0.0312,0.0813
2026-10-01,AAMRANET,Buy,69,True,Late rise,0.3849,0.1921,19.3,21.58,17.01,2026-11-02,open,,,2,,,-0.0311,0.1492
2026-10-01,GRAMEENS2,Buy,70,True,Early rise,0.4162,0.2287,12.2,13.46,11.47,2026-11-02,open,,,2,,,-0.0246,0.1279
2026-10-01,GEMINISEA,Buy,71,True,Late fall,0.5267,0.3406,106.6,111.93,102.46,2026-11-02,open,,,2,,,-0.0103,0.0603
2026-10-01,ICB,Buy,72,True,Late fall,0.5105,0.3259,38.3,40.21,36.44,2026-11-02,closed,Take-profit,2026-10-04,1,0.0499,0.0399,,
2026-10-01,MERCANBANK,Buy,73,True,Late fall,0.4908,0.3398,6.3,6.62,5.89,2026-11-02,open,,,2,,,-0.0159,0.0667
2026-10-01,RAHIMAFOOD,Neutral,74,False,Topping,0.7903,0.1478,70.9,74.45,65.79,2026-11-02,closed,Take-profit,2026-10-04,1,0.0501,0.0401,,
2026-10-01,SALAMCRST,Neutral,75,True,Topping,0.7668,0.1437,12.0,12.6,10.86,2026-11-02,open,,,2,,,-0.0417,0.0917
2026-10-01,TILIL,Neutral,76,False,Early rise,0.7099,0.1588,46.3,48.62,40.93,2026-11-02,open,,,2,,,-0.0238,0.0739
2026-10-01,JANATAINS,Neutral,77,False,Late fall,0.7247,0.1755,32.7,34.65,30.32,2026-11-02,open,,,2,,,-0.0398,0.0994
2026-10-01,NORTHRNINS,Neutral,78,False,Late fall,0.7205,0.181,37.0,38.85,34.23,2026-11-02,open,,,2,,,-0.0486,0.0986
2026-10-01,MIRAKHTER,Neutral,79,False,Early rise,0.6836,0.1674,34.1,35.8,30.43,2026-11-02,open,,,2,,,-0.0616,0.1114
2026-10-01,CENTRALINS,Neutral,80,False,Bottoming,0.7084,0.2007,44.1,46.31,40.74,2026-11-02,open,,,2,,,-0.0522,0.1023
2026-10-01,PROVATIINS,Neutral,81,False,Late fall,0.6941,0.1871,52.4,55.02,48.28,2026-11-02,open,,,2,,,-0.0496,0.0996
2026-10-01,COPPERTECH,Neutral,82,False,Early rise,0.7112,0.2119,21.7,22.78,20.32,2026-11-02,open,,,2,,,-0.0599,0.1097
2026-10-01,SONARBAINS,Neutral,83,False,Mid rise,0.6608,0.1684,39.1,41.06,35.88,2026-11-02,closed,Take-profit,2026-10-04,1,0.0501,0.0401,,
2026-10-01,PRAGATIINS,Neutral,84,False,Mid rise,0.681,0.1949,74.6,78.33,69.49,2026-11-02,open,,,2,,,-0.0375,0.0875
2026-10-01,CRYSTALINS,Neutral,85,False,Mid rise,0.6668,0.187,69.0,73.66,60.81,2026-11-02,open,,,2,,,-0.0478,0.1154
2026-10-01,DGIC,Neutral,86,False,Mid rise,0.6983,0.2235,40.7,42.74,36.12,2026-11-02,open,,,2,,,0.0049,0.0452
2026-10-01,EASTLAND,Neutral,87,False,Late fall,0.6828,0.2243,27.9,29.3,26.17,2026-11-02,open,,,2,,,-0.0466,0.0968
2026-10-01,ASIAINS,Neutral,88,False,Mid rise,0.6287,0.1754,41.4,43.47,37.96,2026-11-02,open,,,2,,,-0.0483,0.0983
2026-10-01,USMANIAGL,Neutral,89,False,Late fall,0.6924,0.2407,52.5,55.12,50.06,2026-11-02,open,,,2,,,0.0171,0.0328
2026-10-01,BNICL,Neutral,90,False,Late rise,0.684,0.2328,168.9,177.35,149.86,2026-11-02,open,,,2,,,-0.0728,0.1229
2026-10-01,SILCOPHL,Neutral,91,False,Early rise,0.6773,0.2269,16.7,17.54,15.73,2026-11-02,closed,Stop,2026-10-05,2,-0.0581,-0.0681,,
2026-10-01,MEGHNAINS,Neutral,92,False,Late fall,0.6544,0.2043,35.4,37.17,32.33,2026-11-02,open,,,2,,,-0.0565,0.1065
2026-10-01,ECABLES,Neutral,93,False,Late fall,0.6849,0.2395,118.3,124.22,110.98,2026-11-02,open,,,2,,,-0.0194,0.0695
2026-10-01,BRACBANK,Neutral,94,False,Late rise,0.5916,0.1463,65.7,68.98,61.47,2026-11-02,open,,,2,,,-0.0107,0.0606
2026-10-01,ASIAPACINS,Neutral,95,False,Late fall,0.6755,0.2317,47.8,50.19,45.29,2026-11-02,open,,,2,,,-0.0293,0.0793
2026-10-01,ZAHEENSPIN,Neutral,96,False,Mid fall,0.6733,0.2312,4.9,5.14,4.45,2026-11-02,open,,,2,,,-0.0408,0.0898
2026-10-01,SPCERAMICS,Neutral,97,False,Topping,0.6593,0.2198,23.0,24.26,20.75,2026-11-02,open,,,2,,,-0.087,0.1417
2026-10-01,STANDARINS,Neutral,98,False,Early rise,0.6394,0.2051,50.7,55.04,47.15,2026-11-02,open,,,2,,,-0.0296,0.1152
2026-10-01,CAPMIBBLMF,Neutral,99,True,Late rise,0.6752,0.2448,16.2,17.01,14.38,2026-11-02,closed,Take-profit,2026-10-04,1,0.05,0.04,,
2026-10-01,MEGCONMILK,Neutral,100,False,Late fall,0.6688,0.2409,30.9,32.44,27.7,2026-11-02,open,,,2,,,-0.0032,0.0531
2026-10-01,ZEALBANGLA,Neutral,101,True,Late fall,0.6672,0.2409,173.2,181.86,159.61,2026-11-02,closed,Take-profit,2026-10-05,2,0.05,0.04,,
2026-10-01,HAKKANIPUL,Neutral,102,False,Early rise,0.6548,0.2338,69.4,72.87,63.74,2026-11-02,open,,,2,,,-0.0216,0.0716
2026-10-01,FEDERALINS,Neutral,103,False,Late fall,0.6577,0.2374,27.7,29.08,25.96,2026-11-02,open,,,2,,,-0.0397,0.0895
2026-10-01,EIL,Neutral,104,False,Early rise,0.6409,0.2227,33.6,35.28,31.52,2026-11-02,open,,,2,,,-0.0327,0.0827
2026-10-01,DOMINAGE,Neutral,105,False,Early rise,0.5924,0.1816,66.1,74.84,58.17,2026-11-02,open,,,2,,,-0.0242,0.1564
2026-10-01,RUPALIINS,Neutral,106,False,Mid fall,0.6164,0.2118,27.8,29.19,25.92,2026-11-02,open,,,2,,,-0.036,0.086
2026-10-01,ISLAMIINS,Neutral,107,False,Mid rise,0.6474,0.245,67.4,70.77,62.78,2026-11-02,open,,,2,,,-0.0237,0.0737
2026-10-01,CROWNCEMNT,Neutral,108,False,Late fall,0.6506,0.2564,58.2,61.11,54.29,2026-11-02,open,,,2,,,-0.0137,0.0637
2026-10-01,CAPITECGBF,Neutral,109,False,Topping,0.6102,0.2163,8.9,9.35,8.0,2026-11-02,open,,,2,,,-0.0449,0.0955
2026-10-01,EASTERNINS,Neutral,110,False,Mid rise,0.6377,0.2441,63.1,66.26,58.49,2026-11-02,open,,,2,,,-0.0428,0.0929
2026-10-01,BDAUTOCA,Neutral,111,False,Early rise,0.6016,0.2102,189.9,214.14,170.23,2026-11-02,open,,,2,,,-0.0116,0.1392
2026-10-01,PURABIGEN,Neutral,112,False,Late fall,0.585,0.1944,28.3,30.89,26.1,2026-11-02,open,,,2,,,-0.0318,0.1233
2026-10-01,ICICL,Neutral,113,True,Late rise,0.6368,0.2493,38.9,40.89,34.63,2026-11-02,open,,,2,,,-0.0308,0.082
2026-10-01,FBFIF,Neutral,114,False,Late fall,0.6503,0.2654,3.5,3.68,3.36,2026-11-02,open,,,2,,,-0.0286,0.08
2026-10-01,SINGERBD,Neutral,115,False,Topping,0.5721,0.1875,79.6,83.58,71.01,2026-11-02,open,,,2,,,-0.0377,0.0877
2026-10-01,PLFSL,Neutral,116,False,Bottoming,0.6471,0.2632,1.8,1.89,1.6,2026-11-02,closed,Take-profit,2026-10-04,1,0.05,0.04,,
2026-10-01,TOSRIFA,Neutral,117,False,Early rise,0.5681,0.1845,19.7,20.68,17.34,2026-11-02,open,,,2,,,-0.0406,0.0904
2026-10-01,CITYGENINS,Neutral,118,False,Late rise,0.5624,0.1824,131.6,138.18,126.81,2026-11-02,open,,,2,,,0.0084,0.0416
2026-10-01,PIONEERINS,Neutral,119,False,Early rise,0.5444,0.1698,67.8,73.16,61.24,2026-11-02,open,,,2,,,-0.0251,0.1041
2026-10-01,HAMI,Neutral,120,False,Early rise,0.5927,0.2235,154.9,162.76,137.18,2026-11-02,open,,,2,,,-0.042,0.0927
2026-10-01,SEMLIBBLSF,Neutral,121,True,Late fall,0.6138,0.2447,7.9,8.3,7.46,2026-11-02,open,,,2,,,-0.0127,0.0633
2026-10-01,ANWARGALV,Neutral,122,True,Early rise,0.5912,0.2227,115.0,120.75,104.33,2026-11-02,open,,,2,,,-0.0243,0.0743
2026-10-01,PRIME1ICBA,Neutral,123,False,Mid rise,0.6275,0.26,7.5,7.88,6.6,2026-11-02,open,,,2,,,-0.0133,0.064
2026-10-01,FINEFOODS,Neutral,124,False,Mid rise,0.5991,0.2318,467.7,499.26,423.13,2026-11-02,open,,,2,,,-0.0143,0.0818
2026-10-01,ZAHINTEX,Neutral,125,False,Late fall,0.6344,0.2702,7.4,7.77,7.08,2026-11-02,closed,Take-profit,2026-10-04,1,0.05,0.04,,
2026-10-01,MEGHNAPET,Neutral,126,True,Mid rise,0.619,0.2553,75.7,79.48,66.62,2026-11-02,open,,,2,,,-0.0225,0.0724
2026-10-01,APEXFOODS,Neutral,127,False,Mid rise,0.5909,0.2319,259.2,275.81,241.44,2026-11-02,closed,Take-profit,2026-10-05,2,0.0641,0.0541,,
2026-10-01,GBBPOWER,Neutral,128,True,Mid fall,0.618,0.2605,13.1,13.76,11.78,2026-11-02,open,,,2,,,0.0,0.0504
2026-10-01,SAMATALETH,Neutral,129,False,Mid rise,0.5829,0.2259,96.6,105.93,85.01,2026-11-02,open,,,2,,,-0.0021,0.0987
2026-10-01,ETL,Neutral,130,False,Mid rise,0.6153,0.2589,15.9,16.7,14.18,2026-11-02,open,,,2,,,-0.0566,0.1069
2026-10-01,SONALILIFE,Neutral,131,False,Early rise,0.5999,0.244,90.7,95.24,83.98,2026-11-02,closed,Take-profit,2026-10-04,1,0.0501,0.0401,,
2026-10-01,MTB,Neutral,132,False,Early rise,0.5074,0.1523,13.5,14.18,12.31,2026-11-02,open,,,2,,,-0.0074,0.0578
2026-10-01,SANDHANINS,Neutral,133,False,Late fall,0.625,0.2715,24.3,25.52,23.47,2026-11-02,open,,,2,,,-0.0247,0.0749
2026-10-01,PRIMEINSUR,Neutral,134,False,Late fall,0.6245,0.2716,50.2,52.71,48.11,2026-11-02,closed,Stop,2026-10-05,2,-0.0416,-0.0516,,
2026-10-01,LRBDL,Neutral,135,False,Early rise,0.6174,0.2665,13.1,13.76,12.07,2026-11-02,open,,,2,,,-0.0153,0.0656
2026-10-01,ASIATICLAB,Neutral,136,True,Late fall,0.6177,0.2684,105.6,110.88,100.63,2026-11-02,open,,,2,,,0.0085,0.0415
2026-10-01,BDTHAIFOOD,Neutral,137,False,Late fall,0.6287,0.2814,19.2,20.16,17.02,2026-11-02,open,,,2,,,-0.0729,0.1229
2026-10-01,ICBSONALI1,Neutral,138,True,Mid rise,0.6065,0.2599,7.7,8.12,6.78,2026-11-02,closed,Take-profit,2026-10-05,2,0.0545,0.0445,,
2026-10-01,NITOLINS,Neutral,139,True,Late rise,0.6017,0.2575,58.9,61.84,52.0,2026-11-02,open,,,2,,,-0.0509,0.1008
2026-10-01,SILVAPHL,Neutral,140,False,Late fall,0.6204,0.2768,12.5,13.36,11.84,2026-11-02,closed,Stop,2026-10-05,2,-0.0528,-0.0628,,
2026-10-01,UNIQUEHRL,Neutral,141,False,Mid rise,0.538,0.1947,42.9,45.44,38.42,2026-11-02,open,,,2,,,-0.0163,0.0755
2026-10-01,BGIC,Neutral,142,False,Late fall,0.5746,0.2335,41.2,45.14,38.49,2026-11-02,open,,,2,,,-0.0121,0.1078
2026-10-01,SIPLC,Neutral,143,True,Mid rise,0.6069,0.2669,151.2,158.76,133.06,2026-11-02,open,,,2,,,-0.0608,0.1108
2026-10-01,MLDYEING,Neutral,144,False,Late fall,0.6153,0.2776,11.2,11.76,10.41,2026-11-02,closed,Stop,2026-10-05,2,-0.0705,-0.0805,,
2026-10-01,VAMLRBBF,Neutral,145,False,Late rise,0.5952,0.261,8.4,8.82,7.92,2026-11-02,open,,,2,,,0.0,0.05
2026-10-01,GQBALLPEN,Neutral,146,False,Early rise,0.5582,0.2275,599.5,629.48,537.34,2026-11-02,open,,,2,,,-0.0157,0.0657
2026-10-01,HFL,Neutral,147,False,Late fall,0.6193,0.2887,11.4,11.97,10.93,2026-11-02,closed,Take-profit,2026-10-05,2,0.05,0.04,,
2026-10-01,ICBAGRANI1,Neutral,148,False,Mid rise,0.5411,0.2124,8.1,8.51,7.37,2026-11-02,open,,,2,,,-0.037,0.0877
2026-10-01,DUTCHBANGL,Neutral,149,False,Mid rise,0.4803,0.154,45.8,48.09,42.61,2026-11-02,open,,,2,,,-0.0066,0.0566
2026-10-01,GREENDELMF,Neutral,150,True,Mid rise,0.5841,0.2579,4.8,5.04,4.22,2026-11-02,open,,,2,,,-0.0625,0.1125
2026-10-01,EBL1STMF,Neutral,151,False,Late rise,0.5619,0.2371,4.5,4.85,4.03,2026-11-02,open,,,2,,,0.0,0.0778
2026-10-01,NPOLYMER,Neutral,152,False,Early rise,0.5878,0.2696,32.6,34.25,30.04,2026-11-02,open,,,2,,,-0.0644,0.115
2026-10-01,WATACHEM,Neutral,153,False,Late fall,0.5927,0.2745,127.9,134.3,123.35,2026-11-02,open,,,2,,,-0.0203,0.0704
2026-10-01,ACFL,Neutral,154,False,Mid fall,0.5889,0.2712,21.7,23.17,20.35,2026-11-02,open,,,2,,,0.023,0.0447
2026-10-01,1JANATAMF,Neutral,155,False,Late fall,0.6002,0.2859,3.6,3.78,3.35,2026-11-02,open,,,2,,,-0.0278,0.0778
2026-10-01,VFSTDL,Neutral,156,False,Late fall,0.6087,0.2946,13.1,13.76,12.49,2026-11-02,closed,Stop,2026-10-05,2,-0.0466,-0.0566,,
2026-10-01,SPCL,Neutral,157,False,Early rise,0.5255,0.2167,51.1,54.25,46.61,2026-11-02,open,,,2,,,-0.0352,0.0969
2026-10-01,POPULAR1MF,Neutral,158,False,Late fall,0.5888,0.2813,3.6,3.78,3.36,2026-11-02,open,,,2,,,-0.0278,0.0778
2026-10-01,ABB1STMF,Neutral,159,False,Late fall,0.5711,0.2679,3.6,3.78,3.35,2026-11-02,open,,,2,,,-0.0278,0.0778
2026-10-01,CONTININS,Neutral,160,True,Late fall,0.5407,0.2382,32.9,34.54,30.8,2026-11-02,open,,,2,,,-0.0486,0.0985
2026-10-01,UNIONINS,Neutral,161,True,Bottoming,0.5482,0.2462,49.7,53.96,44.72,2026-11-02,open,,,2,,,-0.0362,0.1219
2026-10-01,ICBAMCL2ND,Neutral,162,False,Mid rise,0.5631,0.2645,9.6,10.49,8.45,2026-11-02,open,,,2,,,0.0417,0.051
2026-10-01,ANLIMAYARN,Neutral,163,False,Late fall,0.5999,0.3018,25.6,26.88,24.62,2026-11-02,open,,,2,,,-0.0078,0.0578
2026-10-01,SHAHJABANK,Neutral,164,False,Topping,0.4877,0.1906,17.3,18.17,16.61,2026-11-02,open,,,2,,,-0.0058,0.0561
2026-10-01,SHARPIND,Neutral,165,False,Early fall,0.582,0.2893,18.2,19.11,16.97,2026-11-02,open,,,2,,,-0.044,0.094
2026-10-01,PREMIERLEA,Neutral,166,False,Late fall,0.594,0.3027,2.0,2.1,1.86,2026-11-02,closed,Stop,2026-10-05,2,-0.07,-0.08,,
2026-10-01,INDEXAGRO,Neutral,167,False,Early rise,0.5024,0.2116,73.2,78.11,65.77,2026-11-02,open,,,2,,,-0.0451,0.1122
2026-10-01,IFIC1STMF,Neutral,168,True,Late fall,0.5908,0.3023,3.9,4.1,3.55,2026-11-02,open,,,2,,,-0.0256,0.0769
2026-10-01,EXIM1STMF,Neutral,169,True,Mid rise,0.5828,0.295,6.4,6.72,5.63,2026-11-02,open,,,2,,,-0.0312,0.0812
2026-10-01,DSHGARME,Neutral,170,False,Late fall,0.586,0.2985,148.9,156.34,133.37,2026-11-02,closed,Take-profit,2026-10-04,1,0.05,0.04,,
2026-10-01,REPUBLIC,Neutral,171,True,Late fall,0.5403,0.2583,38.2,40.11,36.15,2026-11-02,open,,,2,,,-0.0497,0.0997
2026-10-01,GHAIL,Neutral,172,False,Early rise,0.5771,0.298,12.3,12.92,11.75,2026-11-02,closed,Stop,2026-10-05,2,-0.0447,-0.0547,,
2026-10-01,SEMLFBSLGF,Neutral,173,False,Late fall,0.5785,0.3007,6.8,7.14,6.53,2026-11-02,open,,,2,,,-0.0147,0.0647
2026-10-01,BBS,Neutral,174,False,Early rise,0.5815,0.306,11.4,11.97,10.38,2026-11-02,open,,,2,,,-0.0789,0.1289
2026-10-01,AGRANINS,Neutral,175,False,Early rise,0.4714,0.1959,28.7,32.27,25.61,2026-11-02,open,,,2,,,-0.0383,0.1627
2026-10-01,SINOBANGLA,Neutral,176,False,Early rise,0.5683,0.2933,48.5,50.92,46.16,2026-11-02,closed,Stop,2026-10-05,2,-0.0482,-0.0582,,
2026-10-01,SICL,Neutral,177,True,Late fall,0.4884,0.2143,35.9,37.82,32.15,2026-11-02,open,,,2,,,-0.0251,0.0786
2026-10-01,PUBALIBANK,Neutral,178,False,Early rise,0.4744,0.2007,38.2,40.11,35.49,2026-11-02,open,,,2,,,0.0157,0.0343
2026-10-01,FAMILYTEX,Neutral,179,False,Mid fall,0.5791,0.3057,2.3,2.42,2.17,2026-11-02,open,,,2,,,-0.0435,0.0957
2026-10-01,PEOPLESINS,Neutral,180,False,Early rise,0.4885,0.2191,61.1,67.42,55.38,2026-11-02,open,,,2,,,-0.0327,0.1362
2026-10-01,MBL1STMF,Neutral,181,True,Late rise,0.5624,0.296,10.8,11.34,9.5,2026-11-02,open,,,2,,,-0.0278,0.0778
2026-10-01,QUASEMIND,Neutral,182,False,Early rise,0.5572,0.2915,39.2,41.16,36.92,2026-11-02,open,,,2,,,-0.0383,0.0883
2026-10-01,POPULARLIF,Neutral,183,False,Late fall,0.5434,0.2777,55.4,59.7,52.89,2026-11-02,open,,,2,,,-0.0325,0.1101
2026-10-01,APOLOISPAT,Neutral,184,False,Mid fall,0.5674,0.3036,2.7,2.84,2.5,2026-11-02,open,,,2,,,-0.037,0.0889
2026-10-01,ATLASBANG,Neutral,185,True,Late fall,0.5739,0.3115,80.0,84.0,75.65,2026-11-02,open,,,2,,,-0.0113,0.0613
2026-10-01,GREENDELT,Neutral,186,False,Early rise,0.491,0.2288,69.2,74.25,63.99,2026-11-02,open,,,2,,,-0.0621,0.1351
2026-10-01,IBNSINA,Neutral,187,False,Late fall,0.4438,0.1819,315.0,330.75,302.4,2026-11-02,open,,,2,,,-0.0213,0.0713
2026-10-01,PRIMEBANK,Neutral,188,False,Bottoming,0.4834,0.2241,28.3,29.72,27.17,2026-11-02,open,,,2,,,-0.0035,0.0537
2026-10-01,MATINSPINN,Neutral,189,True,Early rise,0.5474,0.2903,68.2,71.61,61.51,2026-11-02,closed,Take-profit,2026-10-04,1,0.05,0.04,,
2026-10-01,NRBCBANK,Neutral,190,True,Mid fall,0.5514,0.2952,9.5,9.98,8.64,2026-11-02,open,,,2,,,-0.0421,0.0926
2026-10-01,NCCBANK,Neutral,191,False,Late fall,0.5202,0.265,14.3,15.02,13.73,2026-11-02,open,,,2,,,-0.014,0.0643
2026-10-01,FEKDIL,Neutral,192,True,Late fall,0.5632,0.3085,21.8,22.89,20.61,2026-11-02,closed,Stop,2026-10-05,2,-0.0546,-0.0646,,
2026-10-01,CITYBANK,Neutral,193,False,Bottoming,0.4234,0.169,29.9,31.4,28.7,2026-11-02,open,,,2,,,-0.0067,0.0569
2026-10-01,NEWLINE,Neutral,194,False,Late fall,0.5681,0.3158,5.3,5.56,5.03,2026-11-02,open,,,2,,,-0.0377,0.0868
2026-10-01,SAIHAMTEX,Neutral,195,True,Early rise,0.5628,0.3115,42.5,44.62,37.4,2026-11-02,open,,,2,,,0.0141,0.0358
2026-10-01,MERCINS,Neutral,196,False,Topping,0.5302,0.2791,49.5,53.26,43.9,2026-11-02,open,,,2,,,-0.0081,0.084
2026-10-01,ACI,Neutral,197,False,Early rise,0.4469,0.1964,185.0,194.25,176.73,2026-11-02,open,,,2,,,-0.0195,0.0695
2026-10-01,PRIMELIFE,Neutral,198,False,Early rise,0.4046,0.1584,38.3,42.67,34.7,2026-11-02,open,,,2,,,-0.0366,0.1507
2026-10-01,AFTABAUTO,Neutral,199,False,Topping,0.5492,0.3031,26.0,27.3,24.87,2026-11-02,open,,,2,,,-0.0192,0.0692
2026-10-01,PHPMF1,Neutral,200,False,Late fall,0.5525,0.3065,3.6,3.78,3.36,2026-11-02,open,,,2,,,-0.0278,0.0778
2026-10-01,KTL,Neutral,201,False,Late rise,0.5333,0.2884,13.3,13.97,12.12,2026-11-02,closed,Take-profit,2026-10-04,1,0.0504,0.0404,,
2026-10-01,PARAMOUNT,Neutral,202,False,Early rise,0.5046,0.2603,63.3,69.3,57.21,2026-11-02,open,,,2,,,-0.0269,0.1216
2026-10-01,MONOSPOOL,Neutral,203,False,Early rise,0.4682,0.2254,104.9,110.15,96.56,2026-11-02,open,,,2,,,-0.0105,0.0605
2026-10-01,YPL,Neutral,204,True,Early rise,0.4637,0.2222,20.2,21.21,17.78,2026-11-02,open,,,2,,,-0.0396,0.0896
2026-10-01,DULAMIACOT,Neutral,205,True,Early rise,0.5536,0.3128,214.5,225.23,194.47,2026-11-02,open,,,2,,,-0.0131,0.0631
2026-10-01,1STPRIMFMF,Neutral,206,True,Topping,0.5447,0.3039,31.3,32.86,27.54,2026-11-02,closed,Take-profit,2026-10-04,1,0.0498,0.0398,,
2026-10-01,KDSALTD,Neutral,207,False,Early rise,0.5439,0.3039,44.2,46.41,42.18,2026-11-02,open,,,2,,,-0.0452,0.0952
2026-10-01,TRUSTB1MF,Neutral,208,False,Late fall,0.5258,0.2866,3.7,3.88,3.46,2026-11-02,open,,,2,,,-0.027,0.0757
2026-10-01,ACIFORMULA,Neutral,209,False,Late fall,0.5524,0.3143,150.5,158.02,140.79,2026-11-02,open,,,2,,,-0.0159,0.0659
2026-10-01,IPDC,Neutral,210,True,Topping,0.5339,0.2978,33.1,35.24,30.34,2026-11-02,open,,,2,,,-0.0544,0.119
2026-10-01,DBH1STMF,Neutral,211,False,Topping,0.5014,0.267,5.7,6.14,5.24,2026-11-02,open,,,2,,,-0.0702,0.1474
2026-10-01,RSRMSTEEL,Neutral,212,False,Late fall,0.5601,0.3267,6.5,6.82,6.15,2026-11-02,closed,Stop,2026-10-04,1,-0.0538,-0.0638,,
2026-10-01,SQUARETEXT,Neutral,213,False,Mid fall,0.4727,0.2396,48.4,51.78,46.19,2026-11-02,open,,,2,,,-0.0021,0.0719
2026-10-01,RAKCERAMIC,Neutral,214,False,Late fall,0.528,0.2951,26.2,27.51,24.8,2026-11-02,closed,Stop,2026-10-05,2,-0.0534,-0.0634,,
2026-10-01,AMCL(PRAN),Neutral,215,False,Late fall,0.4972,0.2662,215.7,229.18,206.4,2026-11-02,open,,,2,,,-0.0102,0.0727
2026-10-01,MALEKSPIN,Neutral,216,True,Late rise,0.5347,0.3044,50.0,52.5,44.18,2026-11-02,open,,,2,,,-0.038,0.088
2026-10-01,PRIMEFIN,Neutral,217,False,Late fall,0.553,0.3258,2.8,2.94,2.65,2026-11-02,closed,Stop,2026-10-04,1,-0.0536,-0.0636,,
2026-10-01,UNITEDINS,Neutral,218,True,Late fall,0.5216,0.2953,61.2,68.21,58.23,2026-11-02,open,,,2,,,-0.0474,0.1619
2026-10-01,PTL,Neutral,219,True,Early rise,0.4913,0.2675,81.9,86.0,74.3,2026-11-02,open,,,2,,,0.0049,0.0452
2026-10-01,KBPPWBIL,Neutral,220,False,Topping,0.4344,0.2136,36.2,41.48,31.86,2026-11-02,open,,,2,,,-0.0552,0.2011
2026-10-01,PF1STMF,Neutral,221,True,Topping,0.5211,0.3054,17.6,18.48,15.49,2026-11-02,open,,,2,,,-0.0057,0.0557
2026-10-01,NHFIL,Neutral,222,False,Late fall,0.5337,0.3201,26.1,27.72,25.17,2026-11-02,open,,,2,,,-0.0192,0.0812
2026-10-01,NAHEEACP,Neutral,223,True,Mid rise,0.4643,0.2541,36.4,41.08,32.03,2026-11-02,open,,,2,,,-0.0357,0.1643
2026-10-01,REGENTTEX,Neutral,224,True,Late fall,0.5372,0.33,5.9,6.2,5.42,2026-11-02,open,,,2,,,-0.0678,0.1186
2026-10-01,ICB3RDNRB,Neutral,225,True,Mid rise,0.4664,0.2628,6.2,6.83,5.46,2026-11-02,open,,,2,,,-0.0323,0.1339
2026-10-01,UNITEDFIN,Neutral,226,True,Late fall,0.5367,0.3334,16.7,17.54,15.85,2026-11-02,open,,,2,,,-0.0299,0.0802
2026-10-01,ENVOYTEX,Neutral,227,True,Topping,0.5033,0.3006,72.8,76.44,65.98,2026-11-02,open,,,2,,,-0.0179,0.0679
2026-10-01,TAKAFULINS,Neutral,228,True,Mid rise,0.5134,0.3121,52.0,57.32,48.28,2026-11-02,open,,,2,,,-0.0269,0.1292
2026-10-01,SAMORITA,Neutral,229,True,Early rise,0.5123,0.3152,93.3,97.96,82.26,2026-11-02,open,,,2,,,-0.0525,0.1025
2026-10-01,GLOBALINS,Neutral,230,True,Late rise,0.511,0.3141,44.7,48.71,42.65,2026-11-02,closed,Stop,2026-10-05,2,-0.0459,-0.0559,,
2026-10-01,ICBEPMF1S1,Neutral,231,True,Topping,0.4468,0.2507,6.4,6.72,5.71,2026-11-02,open,,,2,,,-0.0312,0.0812
2026-10-01,BANGAS,Neutral,232,False,Late fall,0.5343,0.3384,115.5,121.28,108.43,2026-11-02,closed,Take-profit,2026-10-04,1,0.05,0.04,,
2026-10-01,DOREENPWR,Neutral,233,False,Early rise,0.3869,0.1929,31.4,34.75,27.71,2026-11-02,open,,,2,,,-0.0159,0.1226
2026-10-01,AMANFEED,Neutral,234,False,Late fall,0.482,0.2907,30.7,33.36,27.98,2026-11-02,open,,,2,,,-0.0684,0.155
2026-10-01,EBLNRBMF,Neutral,235,True,Late fall,0.4835,0.2929,3.5,3.68,3.36,2026-11-02,open,,,2,,,-0.0286,0.08
2026-10-01,ABBANK,Neutral,236,False,Early fall,0.4916,0.3017,4.3,4.51,3.93,2026-11-02,open,,,2,,,-0.0233,0.0721
2026-10-01,BIFC,Neutral,237,False,Late fall,0.5351,0.3454,3.3,3.46,3.08,2026-11-02,closed,Stop,2026-10-05,2,-0.0667,-0.0767,,
2026-10-01,NFML,Neutral,238,False,Early rise,0.4348,0.2488,15.1,17.13,13.75,2026-11-02,open,,,2,,,-0.0662,0.2007
2026-10-01,IFILISLMF1,Neutral,239,True,Topping,0.4734,0.2879,5.9,6.34,5.29,2026-11-02,open,,,2,,,-0.0169,0.0915
2026-10-01,PADMAOIL,Neutral,240,False,Mid fall,0.3414,0.1559,197.0,206.85,190.92,2026-11-02,open,,,2,,,-0.0157,0.0657
2026-10-01,RELIANCINS,Neutral,241,True,Early rise,0.4239,0.239,105.1,110.36,95.3,2026-11-02,open,,,2,,,-0.0371,0.0872
2026-10-01,QUEENSOUTH,Neutral,242,False,Late fall,0.5237,0.3408,14.1,14.95,13.15,2026-11-02,open,,,2,,,-0.0638,0.1241
2026-10-01,RUNNERAUTO,Neutral,243,True,Mid fall,0.5117,0.3301,43.6,45.78,41.23,2026-11-02,open,,,2,,,0.0115,0.0385
2026-10-01,MITHUNKNIT,Neutral,244,False,Mid fall,0.5228,0.346,13.3,13.97,12.71,2026-11-02,open,,,2,,,-0.0075,0.0579
2026-10-01,BSRMSTEEL,Neutral,245,True,Late fall,0.4831,0.3068,82.9,87.05,78.17,2026-11-02,open,,,2,,,0.0012,0.0489
2026-10-01,DHAKAINS,Neutral,246,True,Late rise,0.3719,0.1989,45.8,52.17,40.46,2026-11-02,open,,,2,,,-0.0524,0.1915
2026-10-01,BDLAMPS,Neutral,247,True,Late rise,0.5165,0.3437,228.1,239.5,215.19,2026-11-02,closed,Take-profit,2026-10-04,1,0.05,0.04,,
2026-10-01,OAL,Neutral,248,False,Late fall,0.5205,0.3498,5.9,6.2,5.61,2026-11-02,open,,,2,,,-0.0169,0.0678
2026-10-01,SIMTEX,Neutral,249,False,Early rise,0.4719,0.3038,25.3,27.62,22.82,2026-11-02,open,,,2,,,-0.0356,0.1273
2026-10-01,ALARABANK,Neutral,250,False,Mid fall,0.5029,0.3353,15.3,16.07,14.71,2026-11-02,open,,,2,,,-0.0196,0.0699
2026-10-01,DSSL,Neutral,251,True,Late fall,0.5039,0.3371,11.0,11.78,10.35,2026-11-02,open,,,2,,,-0.0455,0.1164
2026-10-01,FARCHEM,Neutral,252,False,Late fall,0.4383,0.2726,15.5,17.71,14.12,2026-11-02,open,,,2,,,-0.0129,0.1555
2026-10-01,LRGLOBMF1,Neutral,253,True,Mid rise,0.4326,0.2669,4.4,4.62,4.03,2026-11-02,open,,,2,,,-0.0455,0.0955
2026-10-01,BSCPLC,Neutral,254,False,Late fall,0.4523,0.2867,145.0,152.25,139.2,2026-11-02,open,,,2,,,-0.0207,0.0707
2026-10-01,TUNGHAI,Neutral,255,True,Mid fall,0.5077,0.3429,4.6,4.83,4.05,2026-11-02,closed,Take-profit,2026-10-04,1,0.05,0.04,,
2026-10-01,UTTARAFIN,Neutral,256,False,Early fall,0.5132,0.3495,11.7,12.28,11.05,2026-11-02,open,,,2,,,-0.0342,0.0838
2026-10-01,SKTRIMS,Neutral,257,True,Mid rise,0.4342,0.2771,14.0,15.15,12.44,2026-11-02,open,,,2,,,-0.0429,0.125
2026-10-01,PREMIERCEM,Neutral,258,False,Topping,0.4429,0.287,41.6,46.38,39.29,2026-11-02,open,,,2,,,-0.0024,0.1173
2026-10-01,IFADAUTOS,Neutral,259,False,Late fall,0.4786,0.3262,23.1,25.24,21.95,2026-11-02,open,,,2,,,0.0043,0.0883
2026-10-01,AAMRATECH,Neutral,260,True,Mid fall,0.4898,0.3377,16.6,17.72,15.23,2026-11-02,open,,,2,,,-0.0181,0.0855
2026-10-01,STANDBANKL,Neutral,261,False,Mid fall,0.4928,0.3408,4.4,4.62,4.12,2026-11-02,open,,,2,,,-0.0227,0.0727
2026-10-01,BEXGSUKUK,Neutral,262,False,Late fall,0.3993,0.248,69.5,72.98,66.72,2026-11-02,open,,,2,,,0.0216,0.0285
2026-10-01,KOHINOOR,Neutral,263,False,Early fall,0.3728,0.2225,522.7,548.84,506.34,2026-11-02,open,,,2,,,-0.0115,0.0615
2026-10-01,SBACBANK,Neutral,264,False,Late fall,0.4746,0.3269,6.7,7.14,6.25,2026-11-02,open,,,2,,,-0.0149,0.0806
2026-10-01,GP,Neutral,265,False,Late fall,0.3718,0.2268,241.1,253.16,231.46,2026-11-02,open,,,2,,,-0.0037,0.0538
2026-10-01,AGNISYSL,Neutral,266,True,Early fall,0.5018,0.3613,27.4,28.77,25.25,2026-11-02,open,,,2,,,-0.062,0.112
2026-10-01,TALLUSPIN,Neutral,267,False,Late fall,0.4878,0.3489,6.7,7.2,6.24,2026-11-02,open,,,2,,,-0.0149,0.0896
2026-10-01,ISLAMIBANK,Neutral,268,False,Mid fall,0.4773,0.3435,26.7,28.04,25.63,2026-11-02,open,,,2,,,-0.0262,0.0764
2026-10-01,ROBI,Neutral,269,False,Bottoming,0.4421,0.3083,30.1,31.61,29.17,2026-11-02,open,,,2,,,-0.0033,0.0535
2026-10-01,HRTEX,Neutral,270,False,Early rise,0.4308,0.2971,16.9,18.73,15.69,2026-11-02,open,,,2,,,-0.0414,0.1497
2026-10-01,MIDLANDBNK,Neutral,271,False,Late fall,0.4774,0.3483,16.9,17.74,15.98,2026-11-02,open,,,2,,,-0.0237,0.0734
2026-10-01,BENGALWTL,Neutral,272,False,Early rise,0.3524,0.2254,21.7,24.65,19.81,2026-11-02,open,,,2,,,-0.0599,0.1959
2026-10-01,BESTHLDNG,Neutral,273,False,Late fall,0.4438,0.317,14.5,15.71,14.03,2026-11-02,open,,,2,,,-0.0207,0.1041
2026-10-01,RENWICKJA,Neutral,274,True,Late fall,0.4735,0.3482,732.6,769.23,699.65,2026-11-02,open,,,2,,,-0.0427,0.0927
2026-10-01,SSSTEEL,Neutral,275,False,Late fall,0.4864,0.3613,5.8,6.17,5.43,2026-11-02,open,,,2,,,-0.0345,0.0983
2026-10-01,ACTIVEFINE,Neutral,276,False,Late fall,0.488,0.3636,5.5,5.78,5.18,2026-11-02,closed,Stop,2026-10-05,2,-0.0582,-0.0682,,
2026-10-01,STANCERAM,Neutral,277,False,Bottoming,0.4669,0.3431,64.8,69.01,59.78,2026-11-02,open,,,2,,,-0.0108,0.0758
2026-10-01,BERGERPBL,Neutral,278,False,Topping,0.2937,0.1701,1462.9,1536.04,1387.4,2026-11-02,open,,,2,,,-0.0047,0.0547
2026-10-01,SUMITPOWER,Neutral,279,False,Late fall,0.4689,0.3471,15.3,16.07,14.69,2026-11-02,open,,,2,,,-0.0131,0.0634
2026-10-01,BSRMLTD,Neutral,280,True,Late fall,0.4689,0.3483,94.1,98.8,90.34,2026-11-02,open,,,2,,,-0.0043,0.0542
2026-10-01,BPML,Neutral,281,False,Mid rise,0.3486,0.23,26.2,29.54,24.04,2026-11-02,open,,,2,,,-0.0458,0.1733
2026-10-01,NURANI,Neutral,282,False,Mid fall,0.4785,0.361,2.8,3.08,2.66,2026-11-02,closed,Take-profit,2026-10-05,2,0.1,0.09,,
2026-10-01,SAIFPOWER,Neutral,283,True,Late fall,0.4878,0.3703,7.6,7.98,6.85,2026-11-02,closed,Stop,2026-10-05,2,-0.0987,-0.1087,,
2026-10-01,MEGHNACEM,Neutral,284,False,Bottoming,0.4693,0.3537,29.5,32.97,28.06,2026-11-02,open,,,2,,,-0.0373,0.1549
2026-10-01,LINDEBD,Neutral,285,False,Late fall,0.38,0.2672,662.7,695.84,636.19,2026-11-02,open,,,2,,,0.0024,0.0476
2026-10-01,ACMELAB,Neutral,286,False,Late fall,0.4105,0.3009,78.2,82.11,75.65,2026-11-02,open,,,2,,,-0.0166,0.0666
2026-10-01,NAVANACNG,Neutral,287,False,Topping,0.4613,0.3524,19.7,21.14,18.73,2026-11-02,open,,,2,,,-0.0203,0.0934
2026-10-01,BXPHARMA,Neutral,288,True,Late fall,0.3791,0.2718,147.2,154.56,142.38,2026-11-02,open,,,2,,,-0.0299,0.0799
2026-10-01,RUPALIBANK,Neutral,289,False,Late fall,0.4702,0.3639,16.6,17.43,15.94,2026-11-02,open,,,2,,,0.006,0.044
2026-10-01,MONNOAGML,Neutral,290,False,Topping,0.4633,0.3581,305.2,328.3,293.21,2026-11-02,open,,,2,,,-0.0223,0.098
2026-10-01,RINGSHINE,Neutral,291,True,Mid fall,0.4399,0.3347,3.7,4.16,3.35,2026-11-02,open,,,2,,,0.0,0.1243
2026-10-01,ESQUIRENIT,Neutral,292,True,Early rise,0.3783,0.2745,23.8,25.84,21.91,2026-11-02,open,,,2,,,-0.0378,0.1235
2026-10-01,UTTARABANK,Neutral,293,False,Bottoming,0.3096,0.2098,20.7,21.74,19.87,2026-11-02,open,,,2,,,-0.0048,0.0551
2026-10-01,NAVANAPHAR,Neutral,294,False,Early rise,0.3996,0.3012,63.5,68.71,59.65,2026-11-02,open,,,2,,,-0.0378,0.1198
2026-10-01,SQURPHARMA,Neutral,295,False,Mid fall,0.3062,0.2087,218.3,229.22,209.57,2026-11-02,open,,,2,,,-0.0032,0.0532
2026-10-01,BDCOM,Neutral,296,False,Early rise,0.3754,0.2806,28.2,30.89,26.41,2026-11-02,open,,,2,,,-0.039,0.1344
2026-10-01,IBBLPBOND,Neutral,297,False,Bottoming,0.3339,0.2396,670.0,770.22,595.59,2026-11-02,open,,,2,,,-0.0015,0.1511
2026-10-01,NRBBANK,Neutral,298,False,Bottoming,0.4546,0.3612,6.7,7.04,6.35,2026-11-02,open,,,2,,,0.0,0.0507
2026-10-01,MPETROLEUM,Neutral,299,False,Late rise,0.2488,0.1561,206.4,216.72,198.14,2026-11-02,open,,,2,,,-0.0058,0.0558
2026-10-01,CNATEX,Neutral,300,False,Early rise,0.4071,0.3147,3.0,3.42,2.75,2026-11-02,open,,,2,,,-0.0333,0.1733
2026-10-01,KEYACOSMET,Neutral,301,False,Mid rise,0.4014,0.31,5.3,5.74,4.85,2026-11-02,open,,,2,,,-0.0377,0.1208
2026-10-01,TRUSTBANK,Neutral,302,False,Late fall,0.4371,0.3514,13.5,14.18,12.96,2026-11-02,open,,,2,,,-0.0148,0.0652
2026-10-01,CENTRALPHL,Neutral,303,False,Late fall,0.4411,0.3554,9.0,9.83,8.32,2026-11-02,open,,,2,,,-0.0333,0.1256
2026-10-01,NBL,Neutral,304,False,Bottoming,0.4472,0.3625,3.4,3.57,3.16,2026-11-02,open,,,2,,,-0.0588,0.1088
2026-10-01,GENEXIL,Neutral,305,True,Late fall,0.4603,0.3771,33.4,35.54,30.69,2026-11-02,open,,,2,,,-0.0808,0.1449
2026-10-01,MARICO,Neutral,306,True,Bottoming,0.2817,0.1996,2661.2,2794.26,2554.75,2026-11-02,open,,,2,,,-0.0002,0.0502
2026-10-01,JHRML,Neutral,307,False,Topping,0.3338,0.2519,42.9,48.66,40.36,2026-11-02,open,,,2,,,-0.035,0.1692
2026-10-01,MONNOCERA,Neutral,308,False,Early rise,0.2942,0.2123,84.8,94.45,77.15,2026-11-02,open,,,2,,,-0.0401,0.1539
2026-10-01,RECKITTBEN,Neutral,309,False,Late fall,0.2524,0.1713,3261.5,3424.58,3131.04,2026-11-02,open,,,2,,,-0.0028,0.0528
2026-10-01,IBP,Neutral,310,True,Late fall,0.4233,0.3453,14.6,16.14,13.25,2026-11-02,open,,,2,,,-0.0548,0.1603
2026-10-01,LANKABAFIN,Neutral,311,False,Late fall,0.4423,0.3645,14.3,15.02,13.51,2026-11-02,open,,,2,,,-0.028,0.0783
2026-10-01,WALTONHIL,Neutral,312,False,Late fall,0.346,0.2688,336.7,353.54,323.23,2026-11-02,open,,,2,,,-0.0149,0.0649
2026-10-01,NTC,Neutral,313,False,Bottoming,0.4035,0.3262,155.1,171.76,146.24,2026-11-02,open,,,2,,,-0.02,0.1274
2026-10-01,SONALIANSH,Neutral,314,True,Mid rise,0.3455,0.2709,218.0,241.07,192.64,2026-11-02,open,,,2,,,0.0362,0.0696
2026-10-01,TECHNODRUG,Neutral,315,True,Bottoming,0.4368,0.3632,41.2,43.66,38.07,2026-11-02,closed,Stop,2026-10-05,2,-0.076,-0.086,,
2026-10-01,SHURWID,Neutral,316,False,Late fall,0.4517,0.379,5.6,5.88,5.21,2026-11-02,open,,,2,,,0.0,0.05
2026-10-01,ITC,Neutral,317,True,Late fall,0.4457,0.3744,43.5,45.84,41.11,2026-11-02,open,,,2,,,-0.0437,0.0975
2026-10-01,BEXIMCO,Neutral,318,False,Early fall,0.4049,0.3364,20.8,21.84,19.16,2026-11-02,open,,,2,,,-0.0433,0.0933
2026-10-01,PBLPBOND,Neutral,319,False,Mid rise,0.239,0.1765,4900.0,5145.0,4491.46,2026-11-02,open,,,2,,,0.0,0.05
2026-10-01,AIBLPBOND,Neutral,320,False,Mid rise,0.1844,0.1271,4200.0,4410.0,3890.25,2026-11-02,open,,,2,,,0.0,0.05
2026-10-01,LHB,Neutral,321,True,Mid rise,0.3411,0.2838,52.5,56.03,50.0,2026-11-02,open,,,2,,,-0.0057,0.073
2026-10-01,UNILEVERCL,Neutral,322,False,Late fall,0.2294,0.1766,1974.3,2073.02,1895.33,2026-11-02,open,,,2,,,0.0005,0.0495
2026-10-01,ONEBANKPLC,Neutral,323,False,Late fall,0.4338,0.382,7.4,7.77,7.02,2026-11-02,open,,,2,,,-0.0405,0.0905
2026-10-01,ISLAMICFIN,Neutral,324,True,Late fall,0.4453,0.3937,10.7,11.24,10.27,2026-11-02,open,,,2,,,-0.0374,0.0879
2026-10-01,RENATA,Neutral,325,False,Late fall,0.3526,0.3024,448.7,471.14,430.75,2026-11-02,open,,,2,,,-0.0125,0.0625
2026-10-01,JAMUNABANK,Neutral,326,False,Late fall,0.3739,0.3238,22.9,24.06,21.98,2026-11-02,open,,,2,,,0.0,0.0507
2026-10-01,CONFIDCEM,Neutral,327,False,Early rise,0.3857,0.3383,59.1,64.35,55.99,2026-11-02,open,,,2,,,-0.0169,0.1058
2026-10-01,BSC,Neutral,328,True,Mid fall,0.3743,0.3277,109.7,116.92,106.01,2026-11-02,open,,,2,,,-0.0155,0.0813
2026-10-01,UCB,Neutral,329,False,Mid fall,0.251,0.2048,8.7,9.74,8.08,2026-11-02,open,,,2,,,-0.0115,0.131
2026-10-01,BDFINANCE,Neutral,330,False,Late fall,0.4328,0.3883,11.2,12.08,10.49,2026-11-02,open,,,2,,,-0.0357,0.1143
2026-10-01,IBBL2PBOND,Neutral,331,False,Late fall,0.215,0.1717,3950.0,4147.5,3792.0,2026-11-02,open,,,2,,,0.0042,0.0458
2026-10-01,PHOENIXFIN,Neutral,332,False,Mid fall,0.4307,0.3889,3.3,3.65,3.16,2026-11-02,closed,Stop,2026-10-05,2,-0.0424,-0.0524,,
2026-10-01,SJIBLPBOND,Neutral,333,False,Mid rise,0.1972,0.1565,4700.0,4935.0,4506.7,2026-11-02,open,,,2,,,0.0,0.05
2026-10-01,POWERGRID,Neutral,334,True,Late fall,0.4276,0.3921,37.6,39.48,36.1,2026-11-02,open,,,2,,,-0.0186,0.0686
2026-10-01,AOL,Neutral,335,True,Mid rise,0.375,0.3484,17.5,19.11,16.06,2026-11-02,open,,,2,,,0.0286,0.0634
2026-10-01,BDTHAI,Neutral,336,True,Late fall,0.3697,0.349,14.6,16.43,13.77,2026-11-02,closed,Stop,2026-10-05,2,-0.0568,-0.0668,,
2026-10-01,APSCLBOND,Neutral,337,False,Mid rise,0.2293,0.2088,1060.0,1115.73,1001.32,2026-11-02,open,,,2,,,0.0,0.0526
2026-10-01,MAKSONSPIN,Neutral,338,False,Mid fall,0.4148,0.3943,5.5,5.78,5.14,2026-11-02,closed,Take-profit,2026-10-04,1,0.0509,0.0409,,
2026-10-01,ALIF,Neutral,339,False,Mid fall,0.4049,0.3881,5.1,5.36,4.78,2026-11-02,open,,,2,,,-0.0392,0.0902
2026-10-01,KPCL,Neutral,340,False,Late fall,0.4163,0.4021,10.4,11.13,9.81,2026-11-02,open,,,2,,,-0.0192,0.0894
2026-10-01,LIBRAINFU,Neutral,341,False,Late fall,0.4161,0.4037,565.3,593.56,542.69,2026-11-02,open,,,2,,,-0.0131,0.0631
2026-10-01,SAPORTL,Neutral,342,True,Mid rise,0.3995,0.3873,58.4,61.48,55.39,2026-11-02,open,,,2,,,0.0051,0.0476
2026-10-01,IFIC,Neutral,343,False,Early fall,0.3883,0.3803,4.8,5.15,4.55,2026-11-02,open,,,2,,,0.0208,0.0521
2026-10-01,BATASHOE,Neutral,344,True,Topping,0.2498,0.2428,881.2,925.26,845.95,2026-11-02,open,,,2,,,0.002,0.048
2026-10-01,MBPLCPBOND,Neutral,345,False,Sideways,0.0472,0.0452,4850.0,5092.5,4656.0,2026-11-02,open,,,2,,,0.0,0.05
2026-10-01,AMBEEPHA,Neutral,346,False,Late fall,0.3873,0.3853,741.4,778.47,711.74,2026-11-02,open,,,2,,,-0.0008,0.0508
2026-10-01,MTBPBOND,Neutral,347,True,Sideways,0.0428,0.0418,1000000.0,1050000.0,960000.0,2026-11-02,open,,,2,,,0.0,0.05
2026-10-01,PDL,Neutral,348,False,Late fall,0.402,0.403,5.5,5.87,5.25,2026-11-02,open,,,2,,,-0.0182,0.0855
2026-10-01,GENNEXT,Neutral,349,False,Mid fall,0.4101,0.4135,2.9,3.07,2.77,2026-11-02,open,,,2,,,0.0,0.0586
2026-10-01,LHBL,Neutral,350,False,Mid fall,0.0149,0.0219,57.5,60.38,55.2,2026-11-02,open,,,2,,,0.0,0.0501
2026-10-01,RNSPIN,Neutral,351,False,Mid fall,0.0147,0.0219,14.9,15.65,14.3,2026-11-02,open,,,2,,,0.0,0.0503
2026-10-01,SEMLLECMF,Neutral,352,False,Late fall,0.021,0.0322,7.4,7.77,7.1,2026-11-02,open,,,2,,,0.0,0.05
2026-10-01,ADVENT,Neutral,353,False,Mid rise,0.3814,0.3952,13.4,14.07,12.99,2026-11-02,open,,,2,,,-0.0299,0.0799
2026-10-01,OIMEX,Neutral,354,False,Late fall,0.3712,0.3857,13.6,15.32,13.11,2026-11-02,open,,,2,,,-0.0294,0.1559
2026-10-01,PAPERPROC,Neutral,355,False,Late fall,0.017,0.0344,92.2,96.81,88.51,2026-11-02,open,,,2,,,0.0,0.05
2026-10-01,GIB,Neutral,356,False,Late fall,0.0153,0.0333,1.7,1.78,1.63,2026-11-02,open,,,2,,,0.0,0.0471
2026-10-01,FIRSTSBANK,Neutral,357,False,Late fall,0.016,0.0395,1.9,2.0,1.82,2026-11-02,open,,,2,,,0.0,0.0526
2026-10-01,EXIMBANK,Neutral,358,False,Late fall,0.0267,0.0517,3.0,3.15,2.88,2026-11-02,open,,,2,,,0.0,0.05
2026-10-01,METROSPIN,Neutral,359,False,Mid fall,0.3892,0.4184,9.9,11.09,9.27,2026-11-02,open,,,2,,,-0.0202,0.1404
2026-10-01,PREBPBOND,Neutral,360,False,Sideways,0.0878,0.1179,4465.0,4688.25,4286.4,2026-11-02,open,,,2,,,0.0,0.05
2026-10-01,UNIONBANK,Neutral,361,False,Late fall,0.0196,0.0517,1.5,1.58,1.44,2026-11-02,open,,,2,,,0.0,0.0533
2026-10-01,SIBL,Neutral,362,False,Late fall,0.0229,0.0631,3.0,3.15,2.88,2026-11-02,open,,,2,,,0.0,0.05
2026-10-01,ICBIBANK,Neutral,363,False,Bottoming,0.3624,0.4037,2.6,2.77,2.48,2026-11-02,open,,,2,,,0.0,0.0654
2026-10-01,BAYLEASING,Neutral,364,False,Late fall,0.3924,0.4346,4.3,4.51,4.01,2026-11-02,closed,Stop,2026-10-05,2,-0.0674,-0.0774,,
2026-10-01,SEB1PBOND,Neutral,365,False,Mid fall,0.1802,0.231,4380.0,4599.0,4204.8,2026-11-02,open,,,2,,,0.0,0.05
2026-10-01,BATBC,Neutral,366,False,Mid fall,0.3119,0.3627,223.3,234.47,214.37,2026-11-02,open,,,2,,,-0.0103,0.0603
2026-10-01,MIRACLEIND,Neutral,367,False,Late fall,0.3873,0.4428,26.2,27.92,25.14,2026-11-02,closed,Stop,2026-10-05,2,-0.0405,-0.0505,,
2026-10-01,UNIONCAP,Neutral,368,False,Late fall,0.3486,0.4725,4.2,4.41,4.07,2026-11-02,closed,Stop,2026-10-05,2,-0.031,-0.041,,
2026-10-01,APEXTANRY,Sell,369,False,Bottoming,0.4787,0.3301,95.0,102.37,85.44,2026-11-02,open,,,2,,,-0.0463,0.1239
2026-10-01,GLDNJMF,Sell,370,False,Topping,0.4373,0.294,9.0,10.0,7.96,2026-11-02,open,,,2,,,-0.0333,0.1444
2026-10-01,NCCBLMF1,Sell,371,False,Late fall,0.4443,0.3047,6.6,6.93,6.19,2026-11-02,open,,,2,,,-0.0455,0.0955
2026-10-01,DELTASPINN,Sell,372,False,Early rise,0.4733,0.3344,7.6,7.98,6.72,2026-11-02,open,,,2,,,-0.0395,0.0895
2026-10-01,SAFKOSPINN,Sell,373,False,Late rise,0.4894,0.3537,21.2,22.26,19.5,2026-11-02,closed,Take-profit,2026-10-04,1,0.05,0.04,,
2026-10-01,EMERALDOIL,Sell,374,False,Late fall,0.4477,0.3192,27.4,30.1,24.79,2026-11-02,open,,,2,,,-0.0146,0.1131
2026-10-01,SONARGAON,Sell,375,False,Early rise,0.4506,0.3306,108.9,120.38,95.83,2026-11-02,open,,,2,,,-0.0028,0.1082
2026-10-01,APEXSPINN,Sell,376,False,Early rise,0.4049,0.3106,370.7,414.91,326.22,2026-11-02,open,,,2,,,0.0197,0.0996
2026-10-01,ACMEPL,Sell,377,False,Topping,0.4673,0.3805,25.1,26.36,23.75,2026-11-02,closed,Take-profit,2026-10-05,2,0.0502,0.0402,,
2026-10-01,PHENIXINS,Sell,378,False,Mid fall,0.3961,0.315,48.6,54.25,44.76,2026-11-02,open,,,2,,,-0.0432,0.1595
2026-10-01,ARGONDENIM,Sell,379,False,Mid fall,0.4214,0.3469,22.6,25.34,20.3,2026-11-02,open,,,2,,,-0.0531,0.1743
2026-10-01,SHYAMPSUG,Sell,380,False,Late fall,0.4571,0.386,287.3,301.67,277.5,2026-11-02,closed,Take-profit,2026-10-05,2,0.05,0.04,,
2026-10-01,AIBL1STIMF,Sell,381,False,Topping,0.4012,0.3402,6.0,6.3,5.61,2026-11-02,open,,,2,,,-0.05,0.1
2026-10-01,MHSML,Sell,382,False,Early rise,0.3493,0.3011,20.1,22.28,18.44,2026-11-02,open,,,2,,,-0.0498,0.1582
2026-10-01,AZIZPIPES,Sell,383,False,Mid fall,0.4026,0.3817,76.4,82.76,71.08,2026-11-02,open,,,2,,,0.0209,0.0623
2026-10-01,UCB2PBOND,Sell,384,False,Sideways,0.0428,0.0434,4700.0,4935.0,4512.0,2026-11-02,open,,,2,,,0.0,0.05
2026-10-01,DEBARACEM,Sell,385,True,Sideways,0.0413,0.0431,1865.0,1958.25,1790.4,2026-11-02,open,,,2,,,0.0,0.05
2026-10-01,DEBBDWELD,Sell,386,True,Sideways,0.0385,0.0411,1418.5,1489.42,1361.76,2026-11-02,open,,,2,,,0.0,0.05
2026-10-01,BDSERVICE,Sell,387,False,Sideways,0.0349,0.0375,5.2,5.46,4.99,2026-11-02,open,,,2,,,0.0,0.05
2026-10-01,DEBBXTEX,Sell,388,False,Sideways,0.0302,0.0358,1300.0,1365.0,1248.0,2026-11-02,open,,,2,,,0.0,0.05
2026-10-01,DEBBXDENIM,Sell,389,False,Sideways,0.0297,0.0354,1450.0,1522.5,1392.0,2026-11-02,open,,,2,,,0.0,0.05
2026-10-01,CBLPBOND,Sell,390,False,Sideways,0.0464,0.0522,1037500.0,1089375.0,996000.0,2026-11-02,open,,,2,,,0.0,0.05
2026-10-01,DEBBXFISH,Sell,391,False,Sideways,0.0111,0.0203,835.0,876.75,801.6,2026-11-02,open,,,2,,,0.0,0.05
2026-10-01,DEBBXKNI,Sell,392,False,Sideways,0.0111,0.0203,900.0,945.0,864.0,2026-11-02,open,,,2,,,0.0,0.05
2026-10-01,EHL,Sell,393,False,Early rise,0.3217,0.3311,83.2,89.79,78.65,2026-11-02,open,,,2,,,-0.006,0.0852
2026-10-01,WMSHIPYARD,Sell,394,False,Late fall,0.4127,0.4222,8.6,9.03,8.34,2026-11-02,closed,Stop,2026-10-05,2,-0.0302,-0.0402,,
2026-10-01,KARNAPHULI,Sell,395,False,Mid fall,0.4042,0.414,52.3,54.92,49.1,2026-11-02,open,,,2,,,0.0,0.0501
2026-10-01,BANKASI1PB,Sell,396,False,Mid rise,0.0492,0.059,8650.0,9082.5,8304.0,2026-11-02,open,,,2,,,0.0,0.05
2026-10-01,SLIPLC,Sell,397,False,Mid rise,0.0248,0.035,73.8,77.49,70.85,2026-11-02,open,,,2,,,0.0,0.05
2026-10-01,DEBBDLUGG,Sell,398,False,Sideways,0.0111,0.0218,784.0,823.2,752.64,2026-11-02,open,,,2,,,0.0,0.05
2026-10-01,DEBBDZIPP,Sell,399,False,Sideways,0.0111,0.0218,700.0,735.0,672.0,2026-11-02,open,,,2,,,0.0,0.05
2026-10-01,SALVOCHEM,Sell,400,False,Late rise,0.0153,0.0263,30.4,31.92,29.18,2026-11-02,open,,,2,,,0.0,0.05
2026-10-01,SAVAREFR,Sell,401,False,Sideways,0.0278,0.0442,215.5,226.28,206.88,2026-11-02,open,,,2,,,0.0,0.05
2026-10-01,SOUTHEASTB,Sell,402,False,Early fall,0.3205,0.3396,11.3,11.87,10.02,2026-11-02,open,,,2,,,-0.0088,0.0593
2026-10-01,GSPFINANCE,Sell,403,False,Mid fall,0.4082,0.4284,3.5,3.68,3.36,2026-11-02,closed,Stop,2026-10-05,2,-0.04,-0.05,,
2026-10-01,EBL,Sell,404,False,Bottoming,0.2985,0.3194,23.0,24.35,22.05,2026-11-02,open,,,2,,,-0.0087,0.0674
2026-10-01,ATCSLGF,Sell,405,False,Late rise,0.0177,0.0419,7.5,7.88,7.2,2026-11-02,open,,,2,,,0.0,0.0507
2026-10-01,VAMLBDMF1,Sell,406,False,Late rise,0.0441,0.0714,7.1,7.46,6.82,2026-11-02,open,,,2,,,0.0,0.0507
2026-10-01,ABBLPBOND,Sell,407,False,Late rise,0.0421,0.0703,1060.0,1113.0,1017.6,2026-11-02,open,,,2,,,0.0,0.05
2026-10-01,APEXFOOT,Sell,408,False,Late fall,0.3495,0.4027,200.1,210.1,191.4,2026-11-02,open,,,2,,,-0.0265,0.0765
2026-10-01,HWAWELLTEX,Sell,409,False,Mid fall,0.3556,0.4104,46.4,50.89,44.65,2026-11-02,open,,,2,,,0.0366,0.0601
2026-10-01,FIRSTFIN,Sell,410,False,Late fall,0.3763,0.4334,4.4,4.75,4.13,2026-11-02,open,,,2,,,0.0227,0.0568
2026-10-01,BARKAPOWER,Sell,411,False,Mid fall,0.3792,0.4498,9.8,10.29,9.17,2026-11-02,open,,,2,,,-0.0204,0.0704
2026-10-01,SAIHAMCOT,Sell,412,False,Bottoming,0.3169,0.3919,23.9,26.24,21.65,2026-11-02,open,,,2,,,-0.0669,0.1649
2026-10-01,DBLPBOND,Sell,413,False,Mid rise,0.0716,0.1481,6225.0,6536.25,5976.0,2026-11-02,open,,,2,,,0.0,0.05
2026-10-01,FAREASTFIN,Sell,414,False,Late rise,0.0475,0.1308,2.1,2.2,2.02,2026-11-02,open,,,2,,,0.0,0.0476
2026-10-01,ILFSL,Sell,415,False,Late rise,0.0491,0.1331,2.1,2.2,2.02,2026-11-02,open,,,2,,,0.0,0.0476
2026-10-01,IDLC,Sell,416,False,Late fall,0.3114,0.399,42.8,44.94,40.61,2026-11-02,open,,,2,,,-0.0234,0.0734
2026-10-01,FASFIN,Sell,417,False,Late fall,0.0545,0.1531,2.5,2.62,2.4,2026-11-02,open,,,2,,,0.0,0.048
2026-10-01,DBH,Sell,418,False,Late fall,0.3384,0.4383,39.7,41.68,38.11,2026-11-02,open,,,2,,,-0.0151,0.065
2026-10-01,BPPL,Sell,419,False,Late fall,0.3597,0.4626,18.6,19.7,17.9,2026-11-02,closed,Stop,2026-10-05,2,-0.0376,-0.0476,,
2026-10-01,DAFODILCOM,Sell,420,False,Late fall,0.3412,0.4479,160.6,169.39,153.74,2026-11-02,closed,Stop,2026-10-05,2,-0.0427,-0.0527,,
2026-10-01,PREMIERBAN,Sell,421,False,Late rise,0.3534,0.4618,5.8,6.09,5.56,2026-11-02,open,,,2,,,-0.0345,0.0845
2026-10-01,EASTRNLUB,Sell,422,False,Mid rise,0.3007,0.431,1920.9,2016.95,1848.75,2026-11-02,open,,,2,,,-0.0226,0.0726
2026-10-01,LEGACYFOOT,Sell,423,False,Bottoming,0.3109,0.4906,71.3,76.72,66.94,2026-11-02,open,,,2,,,-0.0449,0.1209
2026-10-01,ALLTEX,Sell,424,False,Topping,0.2956,0.5012,23.1,24.95,21.89,2026-11-02,open,,,2,,,-0.0043,0.0844
2026-10-01,SHASHADNIM,Sell,425,False,Bottoming,0.2685,0.4982,27.6,29.7,25.98,2026-11-02,open,,,2,,,-0.0036,0.0797
2026-10-01,INTRACO,Sell,426,False,Bottoming,0.2624,0.5307,22.0,23.36,21.07,2026-11-02,closed,Take-profit,2026-10-05,2,0.0618,0.0518,,
2026-09-30,CLICL,Buy,1,True,Mid rise,0.6096,0.1508,48.7,51.14,43.41,2026-11-01,open,,,3,,,-0.0431,0.0932
2026-09-30,ARAMIT,Buy,2,True,Late fall,0.6147,0.2209,173.5,182.18,165.79,2026-11-01,open,,,3,,,-0.0127,0.0627
2026-09-30,MEGHNALIFE,Buy,3,True,Early rise,0.5343,0.1427,52.1,54.71,47.82,2026-11-01,open,,,3,,,-0.0326,0.0827
2026-09-30,DELTALIFE,Buy,4,True,Early rise,0.5515,0.1704,71.3,74.86,66.78,2026-11-01,open,,,3,,,-0.0196,0.0696
2026-09-30,SALAMCRST,Buy,5,True,Late rise,0.5582,0.2089,12.2,12.81,10.86,2026-11-01,open,,,3,,,-0.0574,0.1074
2026-09-30,MAGURAPLEX,Buy,6,True,Early rise,0.5547,0.2065,83.0,87.15,77.16,2026-11-01,open,,,3,,,-0.0205,0.0705
2026-09-30,NATLIFEINS,Buy,7,True,Early rise,0.5033,0.1591,93.1,100.11,86.87,2026-11-01,open,,,3,,,-0.0118,0.0871
2026-09-30,BBSCABLES,Buy,8,True,Early rise,0.5636,0.2256,16.8,17.64,15.16,2026-11-01,open,,,3,,,-0.0714,0.1214
2026-09-30,AL-HAJTEX,Buy,9,True,Early rise,0.5358,0.217,78.3,82.22,68.9,2026-11-01,closed,Take-profit,2026-10-01,1,0.0501,0.0401,,
2026-09-30,ISNLTD,Buy,10,True,Early rise,0.5282,0.2271,52.8,55.44,46.46,2026-11-01,open,,,3,,,-0.0814,0.1314
2026-09-30,PRAGATILIF,Buy,11,True,Early rise,0.4998,0.2173,141.9,149.0,131.46,2026-11-01,open,,,3,,,-0.0536,0.1036
2026-09-30,TITASGAS,Buy,12,True,Late fall,0.4725,0.2106,17.7,18.82,16.34,2026-11-01,open,,,3,,,-0.0508,0.1141
2026-09-30,KAY&QUE,Buy,13,True,Mid rise,0.4976,0.2406,409.8,439.66,373.29,2026-11-01,open,,,3,,,-0.0163,0.0892
2026-09-30,JMISMDL,Buy,14,True,Late fall,0.5243,0.2711,129.7,136.18,124.68,2026-11-01,open,,,3,,,-0.0301,0.08
2026-09-30,SUNLIFEINS,Buy,15,True,Mid rise,0.4831,0.2305,58.6,61.53,52.08,2026-11-01,open,,,3,,,0.0188,0.0312
2026-09-30,INTECH,Buy,16,True,Early rise,0.4844,0.2337,24.0,25.2,21.74,2026-11-01,open,,,3,,,-0.0458,0.0958
2026-09-30,SHEPHERD,Buy,17,True,Early rise,0.5273,0.2833,12.9,13.55,11.79,2026-11-01,open,,,3,,,-0.0775,0.1279
2026-09-30,AIL,Buy,18,True,Late fall,0.5319,0.3036,30.5,32.02,29.2,2026-11-01,open,,,3,,,-0.0361,0.0859
2026-09-30,TAMIJTEX,Buy,19,True,Late fall,0.4949,0.2691,110.9,116.44,103.13,2026-11-01,open,,,3,,,0.0009,0.0491
2026-09-30,EGEN,Buy,20,True,Early rise,0.5067,0.2809,22.8,23.94,20.93,2026-11-01,open,,,3,,,-0.057,0.107
2026-09-30,LOVELLO,Buy,21,True,Mid rise,0.4505,0.2336,51.6,54.18,45.41,2026-11-01,open,,,3,,,-0.0756,0.1256
2026-09-30,SONALIPAPR,Buy,22,True,Early rise,0.4781,0.2633,223.2,234.36,206.49,2026-11-01,open,,,3,,,-0.0224,0.0724
2026-09-30,DESCO,Buy,23,True,Early rise,0.486,0.275,22.7,23.84,21.38,2026-11-01,open,,,3,,,0.0308,0.0194
2026-09-30,EPGL,Buy,24,True,Late fall,0.5139,0.3113,16.5,17.32,15.57,2026-11-01,open,,,3,,,-0.0545,0.1042
2026-09-30,PROGRESLIF,Buy,25,True,Late fall,0.5108,0.3098,36.0,37.8,34.65,2026-11-01,closed,Take-profit,2026-10-04,2,0.05,0.04,,
2026-09-30,RAHIMTEXT,Buy,26,True,Early rise,0.3739,0.1773,181.8,196.22,165.66,2026-11-01,open,,,3,,,-0.0088,0.0881
2026-09-30,SALVO,Buy,27,True,Mid rise,0.4236,0.2394,31.4,32.97,28.11,2026-11-01,open,,,3,,,-0.0732,0.1232
2026-09-30,NTLTUBES,Buy,28,True,Late fall,0.491,0.3153,61.2,64.26,58.6,2026-11-01,open,,,3,,,-0.0229,0.0729
2026-09-30,ADNTEL,Buy,29,True,Early rise,0.4615,0.2898,57.5,60.38,54.96,2026-11-01,open,,,3,,,-0.033,0.0831
2026-09-30,UPGDCL,Buy,30,True,Late fall,0.4504,0.2843,114.3,120.02,109.42,2026-11-01,open,,,3,,,-0.0114,0.0614
2026-09-30,BEACONPHAR,Buy,31,True,Late fall,0.4083,0.2466,103.3,112.22,97.18,2026-11-01,open,,,3,,,-0.0252,0.1115
2026-09-30,ORIONINFU,Buy,32,True,Early rise,0.4344,0.276,264.2,277.41,232.5,2026-11-01,closed,Stop,2026-10-05,3,-0.12,-0.13,,
2026-09-30,FUWANGCER,Buy,33,True,Late fall,0.4891,0.3341,12.6,13.23,11.93,2026-11-01,closed,Stop,2026-10-05,3,-0.0532,-0.0632,,
2026-09-30,PHARMAID,Buy,34,True,Late fall,0.4265,0.2735,555.8,583.59,518.75,2026-11-01,open,,,3,,,-0.0246,0.0746
2026-09-30,RAHIMAFOOD,Neutral,35,True,Topping,0.6151,0.1903,71.9,75.5,65.79,2026-11-01,open,,,3,,,-0.0389,0.089
2026-09-30,NORTHRNINS,Neutral,36,True,Bottoming,0.574,0.2082,37.5,39.38,34.23,2026-11-01,open,,,3,,,-0.0613,0.1115
2026-09-30,STANDARINS,Neutral,37,True,Early rise,0.5425,0.1837,51.8,55.04,47.16,2026-11-01,open,,,3,,,-0.0502,0.1127
2026-09-30,CRYSTALINS,Neutral,38,True,Mid rise,0.5525,0.2091,71.0,76.14,62.73,2026-11-01,open,,,3,,,-0.0746,0.147
2026-09-30,TILIL,Neutral,39,True,Early rise,0.5438,0.2009,47.7,50.09,42.75,2026-11-01,open,,,3,,,-0.0524,0.1025
2026-09-30,COPPERTECH,Neutral,40,True,Early rise,0.5666,0.2418,21.9,23.0,20.32,2026-11-01,open,,,3,,,-0.0685,0.1187
2026-09-30,SINGERBD,Neutral,41,True,Topping,0.4974,0.1844,80.0,84.0,71.02,2026-11-01,open,,,3,,,-0.0425,0.0925
2026-09-30,JANATAINS,Neutral,42,True,Bottoming,0.5363,0.2246,33.2,34.86,30.32,2026-11-01,open,,,3,,,-0.0542,0.1042
2026-09-30,MIRAKHTER,Neutral,43,True,Early rise,0.5045,0.1962,34.4,36.12,30.68,2026-11-01,open,,,3,,,-0.0698,0.1198
2026-09-30,BNICL,Neutral,44,True,Late rise,0.5645,0.2571,173.7,182.38,154.2,2026-11-01,open,,,3,,,-0.0984,0.1484
2026-09-30,BDAUTOCA,Neutral,45,True,Early rise,0.5339,0.2302,179.4,188.37,163.01,2026-11-01,closed,Take-profit,2026-10-01,1,0.05,0.04,,
2026-09-30,DGIC,Neutral,46,True,Mid rise,0.5529,0.2743,41.4,43.47,36.62,2026-11-01,open,,,3,,,-0.0121,0.0621
2026-09-30,PROVATIINS,Neutral,47,True,Late fall,0.503,0.229,53.3,55.96,48.25,2026-11-01,open,,,3,,,-0.0657,0.1156
2026-09-30,PURABIGEN,Neutral,48,True,Bottoming,0.47,0.199,28.8,30.89,26.1,2026-11-01,open,,,3,,,-0.0486,0.1212
2026-09-30,ZAHINTEX,Neutral,49,True,Late fall,0.5338,0.2693,7.2,7.56,6.41,2026-11-01,closed,Take-profit,2026-10-04,2,0.05,0.04,,
2026-09-30,TOSRIFA,Neutral,50,True,Early rise,0.4633,0.1994,19.9,22.87,17.51,2026-11-01,open,,,3,,,-0.0503,0.1995
2026-09-30,PRAGATIINS,Neutral,51,True,Early rise,0.4789,0.2224,75.2,78.96,69.49,2026-11-01,open,,,3,,,-0.0452,0.0952
2026-09-30,ECABLES,Neutral,52,True,Late fall,0.5406,0.2886,118.4,124.32,114.77,2026-11-01,closed,Take-profit,2026-10-01,1,0.05,0.04,,
2026-09-30,DOMINAGE,Neutral,53,True,Early rise,0.5052,0.2533,61.4,64.47,56.13,2026-11-01,closed,Take-profit,2026-10-01,1,0.05,0.04,,
2026-09-30,EIL,Neutral,54,True,Early rise,0.4827,0.233,33.4,35.07,31.31,2026-11-01,open,,,3,,,-0.0269,0.0769
2026-09-30,PIONEERINS,Neutral,55,True,Early rise,0.4618,0.2123,69.3,73.16,61.25,2026-11-01,open,,,3,,,-0.0462,0.1019
2026-09-30,SANDHANINS,Neutral,56,True,Late fall,0.526,0.2775,24.7,25.94,23.47,2026-11-01,open,,,3,,,-0.0405,0.0907
2026-09-30,ISLAMIINS,Neutral,57,True,Mid rise,0.5287,0.2824,69.9,73.4,65.53,2026-11-01,open,,,3,,,-0.0587,0.1087
2026-09-30,MEGHNAINS,Neutral,58,True,Bottoming,0.4794,0.2351,36.0,37.8,32.33,2026-11-01,open,,,3,,,-0.0722,0.1222
2026-09-30,SONALILIFE,Neutral,59,True,Early rise,0.4828,0.2401,91.9,96.5,85.17,2026-11-01,closed,Take-profit,2026-10-04,2,0.0501,0.0401,,
2026-09-30,AFCAGRO,Neutral,60,True,Late fall,0.5264,0.2854,5.8,6.09,5.26,2026-11-01,open,,,3,,,-0.0345,0.0845
2026-09-30,CENTRALINS,Neutral,61,True,Bottoming,0.4787,0.243,44.0,46.2,40.74,2026-11-01,open,,,3,,,-0.05,0.1
2026-09-30,GOLDENSON,Neutral,62,True,Late fall,0.5352,0.2997,12.1,12.7,11.62,2026-11-01,closed,Stop,2026-10-05,3,-0.0397,-0.0497,,
2026-09-30,SPCERAMICS,Neutral,63,True,Topping,0.5,0.2705,23.4,24.57,21.03,2026-11-01,closed,Stop,2026-10-05,3,-0.1013,-0.1113,,
2026-09-30,SHAHJABANK,Neutral,64,True,Topping,0.4254,0.205,17.5,18.41,16.8,2026-11-01,open,,,3,,,-0.0171,0.0691
2026-09-30,RDFOOD,Neutral,65,True,Early rise,0.5141,0.2945,23.3,24.47,21.16,2026-11-01,open,,,3,,,-0.0558,0.106
2026-09-30,EASTLAND,Neutral,66,True,Late fall,0.5062,0.287,27.9,29.3,26.17,2026-11-01,open,,,3,,,-0.0466,0.0968
2026-09-30,FINEFOODS,Neutral,67,True,Early rise,0.504,0.2881,450.3,472.82,423.57,2026-11-01,closed,Take-profit,2026-10-04,2,0.05,0.04,,
2026-09-30,PRIMEINSUR,Neutral,68,True,Bottoming,0.4984,0.2825,51.8,54.39,48.12,2026-11-01,closed,Stop,2026-10-05,3,-0.071,-0.081,,
2026-09-30,SILCOPHL,Neutral,69,True,Early rise,0.4978,0.2831,17.2,18.06,15.73,2026-11-01,closed,Stop,2026-10-05,3,-0.0855,-0.0955,,
2026-09-30,CITYGENINS,Neutral,70,True,Late rise,0.4266,0.2126,130.7,137.23,125.47,2026-11-01,open,,,3,,,0.0153,0.0347
2026-09-30,PARAMOUNT,Neutral,71,True,Early rise,0.4649,0.2517,64.6,69.3,58.47,2026-11-01,open,,,3,,,-0.0464,0.1192
2026-09-30,SONARBAINS,Neutral,72,True,Bottoming,0.4279,0.2164,38.2,40.69,34.16,2026-11-01,closed,Take-profit,2026-10-04,2,0.0652,0.0552,,
2026-09-30,ZAHEENSPIN,Neutral,73,True,Mid fall,0.4993,0.288,4.9,5.14,4.44,2026-11-01,open,,,3,,,-0.0408,0.0898
2026-09-30,POPULARLIF,Neutral,74,True,Late fall,0.4798,0.2689,56.2,59.71,52.89,2026-11-01,open,,,3,,,-0.0463,0.1087
2026-09-30,ASIAINS,Neutral,75,True,Mid rise,0.4058,0.1974,41.8,43.89,37.96,2026-11-01,open,,,3,,,-0.0574,0.1074
2026-09-30,SAMATALETH,Neutral,76,True,Mid rise,0.4358,0.2289,90.0,94.5,79.2,2026-11-01,closed,Take-profit,2026-10-01,1,0.05,0.04,,
2026-09-30,EASTERNINS,Neutral,77,True,Mid rise,0.4931,0.2909,64.4,67.62,59.79,2026-11-01,open,,,3,,,-0.0621,0.1121
2026-09-30,MEGCONMILK,Neutral,78,True,Late fall,0.5054,0.3047,31.4,32.97,29.96,2026-11-01,open,,,3,,,-0.0191,0.0691
2026-09-30,SHARPIND,Neutral,79,True,Early fall,0.5106,0.3112,19.2,20.16,16.94,2026-11-01,open,,,3,,,-0.0938,0.1438
2026-09-30,UNIQUEHRL,Neutral,80,True,Mid rise,0.4065,0.2075,43.2,45.45,38.69,2026-11-01,open,,,3,,,-0.0231,0.0752
2026-09-30,EBL1STMF,Neutral,81,True,Late rise,0.4617,0.265,4.6,4.85,4.08,2026-11-01,open,,,3,,,-0.0217,0.0761
2026-09-30,BGIC,Neutral,82,True,Bottoming,0.4205,0.2241,41.8,45.14,38.49,2026-11-01,open,,,3,,,-0.0263,0.1062
2026-09-30,MTB,Neutral,83,True,Early rise,0.3851,0.1898,13.5,14.18,12.31,2026-11-01,open,,,3,,,-0.0074,0.0578
2026-09-30,VFSTDL,Neutral,84,True,Late fall,0.5074,0.3132,13.2,13.86,12.49,2026-11-01,closed,Stop,2026-10-05,3,-0.0538,-0.0638,,
2026-09-30,FAREASTLIF,Neutral,85,True,Bottoming,0.5013,0.3082,17.8,18.69,16.75,2026-11-01,open,,,3,,,-0.0169,0.0669
2026-09-30,FEDERALINS,Neutral,86,True,Bottoming,0.4774,0.285,28.0,29.4,25.96,2026-11-01,open,,,3,,,-0.05,0.1
2026-09-30,SEMLFBSLGF,Neutral,87,True,Late fall,0.4855,0.2956,7.0,7.35,6.54,2026-11-01,open,,,3,,,-0.0429,0.0929
2026-09-30,PUBALIBANK,Neutral,88,True,Early rise,0.4179,0.2281,38.4,40.32,37.18,2026-11-01,open,,,3,,,0.0104,0.0396
2026-09-30,DUTCHBANGL,Neutral,89,True,Mid rise,0.3783,0.1981,45.3,47.56,42.61,2026-11-01,open,,,3,,,0.0044,0.0455
2026-09-30,KPPL,Neutral,90,True,Early rise,0.4122,0.234,13.4,14.07,11.81,2026-11-01,closed,Take-profit,2026-10-04,2,0.05,0.04,,
2026-09-30,MERCINS,Neutral,91,True,Late rise,0.465,0.287,51.2,53.76,45.6,2026-11-01,open,,,3,,,-0.041,0.091
2026-09-30,APEXFOODS,Neutral,92,True,Early rise,0.4319,0.2546,260.3,275.84,241.43,2026-11-01,closed,Take-profit,2026-10-05,3,0.0597,0.0497,,
2026-09-30,PRIME1ICBA,Neutral,93,True,Mid rise,0.4871,0.311,7.7,8.09,6.78,2026-11-01,open,,,3,,,-0.039,0.0896
2026-09-30,ANLIMAYARN,Neutral,94,True,Late fall,0.496,0.3207,25.0,26.25,22.68,2026-11-01,open,,,3,,,0.016,0.034
2026-09-30,RUPALIINS,Neutral,95,True,Mid fall,0.3987,0.2241,28.3,29.72,25.93,2026-11-01,open,,,3,,,-0.053,0.1032
2026-09-30,BRACBANK,Neutral,96,True,Late rise,0.3779,0.2062,65.9,69.2,61.47,2026-11-01,open,,,3,,,-0.0137,0.0637
2026-09-30,MLDYEING,Neutral,97,True,Late fall,0.4909,0.32,11.4,11.97,10.4,2026-11-01,closed,Stop,2026-10-05,3,-0.0877,-0.0977,,
2026-09-30,BDTHAIFOOD,Neutral,98,True,Late fall,0.5007,0.3302,19.4,20.37,18.56,2026-11-01,closed,Stop,2026-10-05,3,-0.0433,-0.0533,,
2026-09-30,ETL,Neutral,99,True,Mid rise,0.4666,0.2999,15.8,16.59,14.02,2026-11-01,open,,,3,,,-0.0506,0.1006
2026-09-30,ICBAMCL2ND,Neutral,100,True,Mid rise,0.4684,0.3018,10.0,10.5,8.8,2026-11-01,open,,,3,,,0.0,0.05
2026-09-30,PEOPLESINS,Neutral,101,True,Early rise,0.3952,0.2293,62.5,67.42,55.39,2026-11-01,open,,,3,,,-0.0544,0.1331
2026-09-30,SILVAPHL,Neutral,102,True,Late fall,0.484,0.3189,12.8,13.44,11.84,2026-11-01,closed,Stop,2026-10-05,3,-0.075,-0.085,,
2026-09-30,ASIAPACINS,Neutral,103,True,Bottoming,0.4552,0.2932,48.8,51.24,45.3,2026-11-01,open,,,3,,,-0.0492,0.0992
2026-09-30,GREENDELT,Neutral,104,True,Early rise,0.4007,0.2401,70.3,74.25,65.08,2026-11-01,closed,Stop,2026-10-05,3,-0.0743,-0.0843,,
2026-09-30,NEWLINE,Neutral,105,True,Late fall,0.4854,0.3266,5.3,5.56,5.02,2026-11-01,open,,,3,,,-0.0377,0.0868
2026-09-30,USMANIAGL,Neutral,106,True,Late fall,0.4927,0.3346,52.7,55.34,50.06,2026-11-01,open,,,3,,,0.0133,0.0368
2026-09-30,PRIMETEX,Neutral,107,True,Early fall,0.4722,0.3164,14.5,15.23,13.54,2026-11-01,open,,,3,,,-0.0483,0.0986
2026-09-30,PRIMEBANK,Neutral,108,True,Late fall,0.4118,0.2571,28.3,29.72,27.17,2026-11-01,open,,,3,,,-0.0035,0.0537
2026-09-30,FARCHEM,Neutral,109,True,Late fall,0.4331,0.2785,16.0,17.71,14.11,2026-11-01,open,,,3,,,-0.0437,0.1506
2026-09-30,QUASEMIND,Neutral,110,True,Early rise,0.4544,0.3014,39.1,41.06,36.92,2026-11-01,open,,,3,,,-0.0358,0.0859
2026-09-30,VAMLRBBF,Neutral,111,True,Late rise,0.4493,0.2971,8.3,8.72,7.92,2026-11-01,open,,,3,,,0.012,0.0386
2026-09-30,GQBALLPEN,Neutral,112,True,Early rise,0.4153,0.2642,588.5,628.45,537.42,2026-11-01,open,,,3,,,0.0027,0.0652
2026-09-30,HEIDELBCEM,Neutral,113,True,Late fall,0.4252,0.2756,207.4,217.77,198.33,2026-11-01,open,,,3,,,-0.0159,0.0659
2026-09-30,PADMALIFE,Neutral,114,True,Late fall,0.4684,0.3198,15.7,16.48,15.16,2026-11-01,closed,Take-profit,2026-10-04,2,0.0497,0.0397,,
2026-09-30,PRIMELIFE,Neutral,115,True,Early rise,0.3347,0.187,39.2,42.67,34.71,2026-11-01,open,,,3,,,-0.0587,0.1472
2026-09-30,PLFSL,Neutral,116,True,Late fall,0.4867,0.3392,1.7,1.78,1.57,2026-11-01,closed,Take-profit,2026-10-01,1,0.0471,0.0371,,
2026-09-30,CROWNCEMNT,Neutral,117,True,Late fall,0.4733,0.3266,58.9,61.84,56.69,2026-11-01,open,,,3,,,-0.0255,0.0754
2026-09-30,OLYMPIC,Neutral,118,True,Late fall,0.4116,0.2649,143.2,150.36,137.47,2026-11-01,open,,,3,,,-0.0056,0.0556
2026-09-30,CITYBANK,Neutral,119,True,Bottoming,0.3633,0.217,30.1,31.61,28.9,2026-11-01,open,,,3,,,-0.0133,0.0635
2026-09-30,INDEXAGRO,Neutral,120,True,Early rise,0.3727,0.2267,71.2,75.75,62.88,2026-11-01,open,,,3,,,-0.0183,0.0822
2026-09-30,JAMUNAOIL,Neutral,121,True,Late fall,0.3164,0.1705,177.3,186.17,170.21,2026-11-01,open,,,3,,,0.0028,0.0472
2026-09-30,HAKKANIPUL,Neutral,122,True,Early rise,0.4566,0.3115,69.2,72.66,63.74,2026-11-01,open,,,3,,,-0.0188,0.0688
2026-09-30,TRUSTBANK,Neutral,123,True,Late fall,0.4668,0.3235,13.5,14.18,12.96,2026-11-01,open,,,3,,,-0.0148,0.0652
2026-09-30,AGRANINS,Neutral,124,True,Early rise,0.3683,0.2274,29.4,32.27,26.66,2026-11-01,open,,,3,,,-0.0612,0.1588
2026-09-30,BESTHLDNG,Neutral,125,True,Late fall,0.4101,0.2723,14.9,15.71,14.04,2026-11-01,open,,,3,,,-0.047,0.1013
2026-09-30,HFL,Neutral,126,True,Late fall,0.4773,0.3395,11.8,12.39,10.94,2026-11-01,closed,Take-profit,2026-10-01,1,0.05,0.04,,
2026-09-30,SEAPEARL,Neutral,127,True,Early rise,0.3805,0.2451,36.1,38.68,31.77,2026-11-01,open,,,3,,,-0.0499,0.1213
2026-09-30,DBH1STMF,Neutral,128,True,Mid rise,0.4014,0.2678,5.7,6.14,5.13,2026-11-01,open,,,3,,,-0.0702,0.1474
2026-09-30,GRAMEENS2,Neutral,129,True,Early rise,0.3741,0.2408,12.5,13.47,11.44,2026-11-01,open,,,3,,,-0.048,0.1256
2026-09-30,PHPMF1,Neutral,130,True,Late fall,0.4508,0.3178,3.6,3.78,3.36,2026-11-01,open,,,3,,,-0.0278,0.0778
2026-09-30,RAKCERAMIC,Neutral,131,True,Late fall,0.4339,0.3036,26.5,27.83,25.08,2026-11-01,closed,Stop,2026-10-05,3,-0.0536,-0.0636,,
2026-09-30,BANKASIA,Neutral,132,True,Late fall,0.4231,0.293,16.2,17.01,15.55,2026-11-01,open,,,3,,,0.0062,0.0438
2026-09-30,FAMILYTEX,Neutral,133,True,Mid fall,0.4707,0.3436,2.2,2.31,2.03,2026-11-01,closed,Take-profit,2026-10-01,1,0.05,0.04,,
2026-09-30,PRIMEFIN,Neutral,134,True,Late fall,0.4729,0.3459,2.7,2.84,2.41,2026-11-01,open,,,3,,,-0.037,0.0889
2026-09-30,BDWELDING,Neutral,135,True,Early rise,0.4645,0.3381,11.7,12.28,11.23,2026-11-01,open,,,3,,,-0.0342,0.0838
2026-09-30,FORTUNE,Neutral,136,True,Late fall,0.4635,0.3373,14.9,15.65,13.53,2026-11-01,open,,,3,,,-0.0671,0.1174
2026-09-30,ICBAGRANI1,Neutral,137,True,Mid rise,0.3661,0.2402,8.2,8.61,7.37,2026-11-01,open,,,3,,,-0.0488,0.0988
2026-09-30,PREMIERLEA,Neutral,138,True,Late fall,0.4699,0.3486,1.9,2.0,1.67,2026-11-01,closed,Take-profit,2026-10-01,1,0.0526,0.0426,,
2026-09-30,RUPALILIFE,Neutral,139,True,Early rise,0.2964,0.1765,79.7,87.66,71.19,2026-11-01,open,,,3,,,-0.0439,0.1438
2026-09-30,PADMAOIL,Neutral,140,True,Mid fall,0.2799,0.1614,198.0,207.9,190.93,2026-11-01,open,,,3,,,-0.0207,0.0707
2026-09-30,POPULAR1MF,Neutral,141,True,Late fall,0.4534,0.3354,3.6,3.78,3.36,2026-11-01,open,,,3,,,-0.0278,0.0778
2026-09-30,AAMRANET,Neutral,142,True,Late rise,0.3381,0.2208,19.5,21.58,17.47,2026-11-01,open,,,3,,,-0.041,0.1477
2026-09-30,NRBBANK,Neutral,143,True,Late fall,0.4376,0.3213,6.6,7.03,6.35,2026-11-01,open,,,3,,,0.0152,0.05
2026-09-30,ORIONPHARM,Neutral,144,True,Mid rise,0.4088,0.2964,28.6,30.49,25.17,2026-11-01,open,,,3,,,-0.049,0.115
2026-09-30,ARAMITCEM,Neutral,145,True,Bottoming,0.4443,0.3351,11.3,11.87,10.67,2026-11-01,open,,,3,,,-0.0354,0.0858
2026-09-30,BBS,Neutral,146,True,Early rise,0.4611,0.3524,11.5,12.08,11.04,2026-11-01,closed,Stop,2026-10-04,2,-0.04,-0.05,,
2026-09-30,ICB,Neutral,147,True,Late fall,0.4291,0.3206,38.3,40.21,36.45,2026-11-01,closed,Take-profit,2026-10-04,2,0.0499,0.0399,,
2026-09-30,CVOPRL,Neutral,148,True,Early rise,0.3439,0.2355,159.1,169.4,141.63,2026-11-01,open,,,3,,,-0.0163,0.0811
2026-09-30,SPCL,Neutral,149,True,Early rise,0.376,0.2698,51.3,54.25,46.61,2026-11-01,open,,,3,,,-0.039,0.0965
2026-09-30,1JANATAMF,Neutral,150,True,Late fall,0.4206,0.3148,3.6,3.78,3.35,2026-11-01,open,,,3,,,-0.0278,0.0778
2026-09-30,GHAIL,Neutral,151,True,Early rise,0.4443,0.339,12.5,13.12,11.75,2026-11-01,closed,Stop,2026-10-05,3,-0.06,-0.07,,
2026-09-30,NORTHERN,Neutral,152,True,Bottoming,0.4419,0.3371,99.3,105.25,92.79,2026-11-01,open,,,3,,,-0.0433,0.1032
2026-09-30,SQURPHARMA,Neutral,153,True,Mid fall,0.3351,0.2304,218.0,228.9,209.28,2026-11-01,open,,,3,,,-0.0018,0.0518
2026-09-30,MONOSPOOL,Neutral,154,True,Early rise,0.3195,0.2169,106.0,118.9,96.54,2026-11-01,open,,,3,,,-0.0208,0.1425
2026-09-30,SINOBANGLA,Neutral,155,True,Early rise,0.4375,0.3365,49.0,51.45,46.15,2026-11-01,closed,Stop,2026-10-05,3,-0.0582,-0.0682,,
2026-09-30,NCCBANK,Neutral,156,True,Late fall,0.4032,0.3037,14.3,15.02,13.73,2026-11-01,open,,,3,,,-0.014,0.0643
2026-09-30,IFADAUTOS,Neutral,157,True,Late fall,0.4328,0.3345,22.5,23.62,20.92,2026-11-01,closed,Take-profit,2026-10-04,2,0.0498,0.0398,,
2026-09-30,RANFOUNDRY,Neutral,158,True,Late fall,0.4036,0.3059,149.0,156.45,142.9,2026-11-01,open,,,3,,,-0.0054,0.0554
2026-09-30,NHFIL,Neutral,159,True,Late fall,0.4275,0.3309,26.2,27.73,25.17,2026-11-01,open,,,3,,,-0.0229,0.0813
2026-09-30,MJLBD,Neutral,160,True,Late fall,0.3289,0.2324,89.5,93.98,85.92,2026-11-01,open,,,3,,,0.0045,0.0456
2026-09-30,AMANFEED,Neutral,161,True,Late fall,0.3949,0.2995,31.6,33.37,29.78,2026-11-01,closed,Stop,2026-10-05,3,-0.0576,-0.0676,,
2026-09-30,MONNOFABR,Neutral,162,True,Early rise,0.4217,0.3265,19.6,21.01,18.0,2026-11-01,open,,,3,,,-0.0612,0.1332
2026-09-30,AFTABAUTO,Neutral,163,True,Mid rise,0.4268,0.3327,26.4,27.72,24.87,2026-11-01,open,,,3,,,-0.0341,0.0841
2026-09-30,APOLOISPAT,Neutral,164,True,Mid fall,0.4486,0.355,2.7,2.84,2.5,2026-11-01,open,,,3,,,-0.037,0.0889
2026-09-30,KBPPWBIL,Neutral,165,True,Topping,0.328,0.2351,37.1,41.48,32.65,2026-11-01,open,,,3,,,-0.0782,0.1962
2026-09-30,BSCPLC,Neutral,166,True,Late fall,0.3652,0.2743,146.7,154.04,141.66,2026-11-01,open,,,3,,,-0.032,0.0821
2026-09-30,ACFL,Neutral,167,True,Mid fall,0.4186,0.3302,21.9,23.17,20.52,2026-11-01,open,,,3,,,0.0137,0.0443
2026-09-30,GPHISPAT,Neutral,168,True,Early rise,0.4352,0.3476,16.0,16.8,15.19,2026-11-01,open,,,3,,,-0.0312,0.0813
2026-09-30,PREMIERCEM,Neutral,169,True,Topping,0.3536,0.2665,42.4,46.39,39.29,2026-11-01,open,,,3,,,-0.0212,0.1153
2026-09-30,ACI,Neutral,170,True,Early rise,0.314,0.2278,184.5,193.72,176.73,2026-11-01,open,,,3,,,-0.0168,0.0668
2026-09-30,GHCL,Neutral,171,True,Late fall,0.4341,0.3484,19.5,20.7,18.58,2026-11-01,open,,,3,,,-0.0256,0.0872
2026-09-30,CAPITECGBF,Neutral,172,True,Mid rise,0.4042,0.3189,9.0,9.45,8.0,2026-11-01,open,,,3,,,-0.0556,0.1056
2026-09-30,NPOLYMER,Neutral,173,True,Early rise,0.4199,0.3347,34.2,37.22,31.96,2026-11-01,closed,Stop,2026-10-04,2,-0.0655,-0.0755,,
2026-09-30,NFML,Neutral,174,True,Early rise,0.3423,0.259,15.3,17.14,13.75,2026-11-01,open,,,3,,,-0.0784,0.1987
2026-09-30,ISLAMIBANK,Neutral,175,True,Mid fall,0.4226,0.3405,26.7,28.04,25.63,2026-11-01,open,,,3,,,-0.0262,0.0764
2026-09-30,SQUARETEXT,Neutral,176,True,Mid fall,0.3495,0.2682,48.9,51.78,46.7,2026-11-01,open,,,3,,,-0.0123,0.0712
2026-09-30,BEACHHATCH,Neutral,177,True,Early rise,0.4385,0.3576,26.8,28.14,25.59,2026-11-01,closed,Stop,2026-10-05,3,-0.0451,-0.0551,,
2026-09-30,FBFIF,Neutral,178,True,Late fall,0.4455,0.367,3.5,3.68,3.36,2026-11-01,open,,,3,,,-0.0286,0.08
2026-09-30,CAPMBDBLMF,Neutral,179,True,Late fall,0.302,0.2239,7.2,7.56,6.46,2026-11-01,open,,,3,,,0.0,0.05
2026-09-30,DHAKABANK,Neutral,180,True,Late fall,0.3886,0.3106,11.3,11.87,10.85,2026-11-01,open,,,3,,,-0.0177,0.0681
2026-09-30,KDSALTD,Neutral,181,True,Early rise,0.4004,0.3249,44.4,46.62,42.18,2026-11-01,open,,,3,,,-0.0495,0.0995
2026-09-30,LINDEBD,Neutral,182,True,Late fall,0.3466,0.2722,661.4,694.47,634.94,2026-11-01,open,,,3,,,0.0044,0.0456
2026-09-30,DESHBANDHU,Neutral,183,True,Late fall,0.417,0.3437,16.8,18.24,15.69,2026-11-01,open,,,3,,,-0.0357,0.1214
2026-09-30,ROBI,Neutral,184,True,Late fall,0.3634,0.2933,29.9,31.4,28.7,2026-11-01,open,,,3,,,0.0033,0.0468
2026-09-30,IBNSINA,Neutral,185,True,Late fall,0.297,0.2273,318.1,334.01,306.76,2026-11-01,open,,,3,,,-0.0308,0.0808
2026-09-30,PENINSULA,Neutral,186,True,Late fall,0.3181,0.2501,20.0,22.98,18.07,2026-11-01,open,,,3,,,-0.095,0.244
2026-09-30,ABB1STMF,Neutral,187,True,Late fall,0.3714,0.3038,3.6,3.78,3.35,2026-11-01,open,,,3,,,-0.0278,0.0778
2026-09-30,LRBDL,Neutral,188,True,Early rise,0.4125,0.3454,13.1,13.77,12.07,2026-11-01,open,,,3,,,-0.0153,0.0664
2026-09-30,AMCL(PRAN),Neutral,189,True,Late fall,0.3711,0.3044,215.8,229.19,206.39,2026-11-01,open,,,3,,,-0.0107,0.0727
2026-09-30,RELIANCE1,Neutral,190,True,Mid rise,0.3839,0.3183,13.0,13.76,11.44,2026-11-01,open,,,3,,,-0.0538,0.1123
2026-09-30,SBACBANK,Neutral,191,True,Late fall,0.3939,0.3328,6.7,7.15,6.25,2026-11-01,open,,,3,,,-0.0149,0.0821
2026-09-30,MEGHNACEM,Neutral,192,True,Late fall,0.4133,0.3533,29.3,32.97,28.06,2026-11-01,open,,,3,,,-0.0307,0.156
2026-09-30,JUTESPINN,Neutral,193,True,Bottoming,0.422,0.3627,208.4,218.82,200.06,2026-11-01,open,,,3,,,-0.0144,0.0644
2026-09-30,SIMTEX,Neutral,194,True,Late fall,0.4197,0.3655,24.2,25.41,22.85,2026-11-01,closed,Take-profit,2026-10-01,1,0.05,0.04,,
2026-09-30,MIDASFIN,Neutral,195,True,Early rise,0.4243,0.3722,4.8,5.04,4.33,2026-11-01,open,,,3,,,-0.0625,0.1125
2026-09-30,QUEENSOUTH,Neutral,196,True,Late fall,0.4196,0.3678,14.0,14.95,13.15,2026-11-01,open,,,3,,,-0.0571,0.125
2026-09-30,BEXGSUKUK,Neutral,197,True,Bottoming,0.3223,0.2708,70.5,74.03,67.68,2026-11-01,open,,,3,,,0.0071,0.043
2026-09-30,STYLECRAFT,Neutral,198,True,Late fall,0.4114,0.3635,52.5,55.12,49.8,2026-11-01,open,,,3,,,-0.0152,0.0651
2026-09-30,ACMELAB,Neutral,199,True,Late fall,0.3331,0.2882,78.2,82.11,75.65,2026-11-01,open,,,3,,,-0.0166,0.0666
2026-09-30,SUMITPOWER,Neutral,200,True,Late fall,0.3892,0.3444,15.4,16.24,14.78,2026-11-01,open,,,3,,,-0.0195,0.074
2026-09-30,DACCADYE,Neutral,201,True,Late fall,0.386,0.343,15.3,16.43,14.32,2026-11-01,open,,,3,,,-0.0065,0.0804
2026-09-30,MPETROLEUM,Neutral,202,True,Late rise,0.2181,0.1759,206.4,216.72,198.14,2026-11-01,open,,,3,,,-0.0058,0.0558
2026-09-30,GEMINISEA,Neutral,203,True,Bottoming,0.4136,0.372,108.9,114.35,102.47,2026-11-01,open,,,3,,,-0.0312,0.0813
2026-09-30,DOREENPWR,Neutral,204,True,Early rise,0.2757,0.2342,31.4,34.75,27.7,2026-11-01,open,,,3,,,-0.0159,0.1226
2026-09-30,ACIFORMULA,Neutral,205,True,Late fall,0.4135,0.3722,153.6,161.28,146.6,2026-11-01,open,,,3,,,-0.0358,0.0858
2026-09-30,FUWANGFOOD,Neutral,206,True,Late fall,0.4262,0.3856,9.6,10.08,9.22,2026-11-01,closed,Stop,2026-10-05,3,-0.0396,-0.0496,,
2026-09-30,WATACHEM,Neutral,207,True,Late fall,0.3791,0.3389,128.7,141.18,123.35,2026-11-01,open,,,3,,,-0.0264,0.1234
2026-09-30,BENGALWTL,Neutral,208,True,Early rise,0.3321,0.2938,21.9,24.65,19.8,2026-11-01,open,,,3,,,-0.0685,0.1941
2026-09-30,RENATA,Neutral,209,True,Bottoming,0.3673,0.3292,453.4,476.07,435.26,2026-11-01,open,,,3,,,-0.0227,0.0727
2026-09-30,KOHINOOR,Neutral,210,True,Early fall,0.278,0.2408,522.0,548.1,505.24,2026-11-01,open,,,3,,,-0.0102,0.0602
2026-09-30,MIDLANDBNK,Neutral,211,True,Late fall,0.4097,0.3729,17.0,17.85,15.98,2026-11-01,open,,,3,,,-0.0294,0.0794
2026-09-30,SJIBLPBOND,Neutral,212,True,Mid rise,0.2677,0.2314,4700.0,4935.0,4506.7,2026-11-01,open,,,3,,,0.0,0.05
2026-09-30,BPML,Neutral,213,True,Mid rise,0.2642,0.2334,26.2,29.55,24.04,2026-11-01,open,,,3,,,-0.0458,0.1737
2026-09-30,CONFIDCEM,Neutral,214,True,Early rise,0.3555,0.326,59.2,64.36,55.99,2026-11-01,open,,,3,,,-0.0186,0.1057
2026-09-30,HRTEX,Neutral,215,True,Early rise,0.3603,0.3309,17.0,18.76,15.69,2026-11-01,open,,,3,,,-0.0471,0.1506
2026-09-30,UTTARABANK,Neutral,216,True,Late fall,0.2448,0.2162,20.6,21.63,19.78,2026-11-01,open,,,3,,,0.0,0.05
2026-09-30,KTL,Neutral,217,True,Topping,0.3684,0.3405,12.8,13.44,11.44,2026-11-01,closed,Take-profit,2026-10-01,1,0.05,0.04,,
2026-09-30,NAVANAPHAR,Neutral,218,True,Early rise,0.3522,0.3257,64.1,68.73,59.64,2026-11-01,open,,,3,,,-0.0468,0.119
2026-09-30,BDCOM,Neutral,219,True,Early rise,0.3148,0.2886,28.4,30.9,26.41,2026-11-01,open,,,3,,,-0.0458,0.1338
2026-09-30,BANGAS,Neutral,220,True,Late fall,0.411,0.3882,116.0,121.8,108.87,2026-11-01,closed,Take-profit,2026-10-04,2,0.05,0.04,,
2026-09-30,HAMI,Neutral,221,True,Early fall,0.3495,0.3277,154.1,162.78,137.18,2026-11-01,open,,,3,,,-0.037,0.0933
2026-09-30,NBL,Neutral,222,True,Late fall,0.3853,0.3672,3.3,3.46,3.16,2026-11-01,open,,,3,,,-0.0303,0.0788
2026-09-30,STANDBANKL,Neutral,223,True,Mid fall,0.3845,0.3669,4.4,4.62,4.11,2026-11-01,open,,,3,,,-0.0227,0.0727
2026-09-30,MONNOCERA,Neutral,224,True,Early rise,0.2759,0.2607,84.5,94.46,77.15,2026-11-01,open,,,3,,,-0.0367,0.1546
2026-09-30,DSHGARME,Neutral,225,True,Late fall,0.404,0.3898,152.4,160.02,143.09,2026-11-01,open,,,3,,,-0.0092,0.0592
2026-09-30,KEYACOSMET,Neutral,226,True,Mid rise,0.3264,0.3131,5.3,5.74,4.85,2026-11-01,open,,,3,,,-0.0377,0.1208
2026-09-30,MITHUNKNIT,Neutral,227,True,Mid fall,0.4045,0.3914,13.3,13.97,12.7,2026-11-01,open,,,3,,,-0.0075,0.0579
2026-09-30,JHRML,Neutral,228,True,Topping,0.2657,0.2569,43.5,48.68,40.36,2026-11-01,open,,,3,,,-0.0483,0.1674
2026-09-30,TRUSTB1MF,Neutral,229,True,Late fall,0.3282,0.3212,3.7,3.88,3.45,2026-11-01,open,,,3,,,-0.027,0.0757
2026-09-30,LANKABAFIN,Neutral,230,True,Late fall,0.3882,0.3826,14.5,15.23,13.7,2026-11-01,open,,,3,,,-0.0414,0.0917
2026-09-30,DEBARACEM,Neutral,231,True,Sideways,0.0562,0.0514,1865.0,1958.25,1790.4,2026-11-01,open,,,3,,,0.0,0.05
2026-09-30,PBLPBOND,Neutral,232,True,Mid rise,0.2353,0.2317,4900.0,5145.0,4491.46,2026-11-01,open,,,3,,,0.0,0.05
2026-09-30,AIBLPBOND,Neutral,233,True,Mid rise,0.1739,0.1709,4200.0,4410.0,3890.25,2026-11-01,open,,,3,,,0.0,0.05
2026-09-30,WALTONHIL,Neutral,234,True,Late fall,0.2753,0.2726,337.3,354.16,323.81,2026-11-01,open,,,3,,,-0.0166,0.0666
2026-09-30,DEBBDWELD,Neutral,235,True,Sideways,0.05,0.0484,1418.5,1489.42,1361.76,2026-11-01,open,,,3,,,0.0,0.05
2026-09-30,MBPLCPBOND,Neutral,236,True,Sideways,0.0589,0.0574,4850.0,5092.5,4656.0,2026-11-01,open,,,3,,,0.0,0.05
2026-09-30,SSSTEEL,Neutral,237,True,Late fall,0.3912,0.3898,5.7,6.17,5.35,2026-11-01,open,,,3,,,-0.0175,0.1
2026-09-30,GP,Neutral,238,True,Late fall,0.2564,0.2562,241.6,253.68,231.94,2026-11-01,open,,,3,,,-0.0058,0.0558
2026-09-30,ABBANK,Neutral,239,True,Early fall,0.3602,0.3611,4.3,4.51,3.92,2026-11-01,open,,,3,,,-0.0233,0.0721
2026-09-30,LHBL,Neutral,240,True,Mid fall,0.0244,0.026,57.5,60.38,55.2,2026-11-01,open,,,3,,,0.0,0.0501
2026-09-30,RNSPIN,Neutral,241,True,Mid fall,0.0242,0.026,14.9,15.65,14.3,2026-11-01,open,,,3,,,0.0,0.0503
2026-09-30,RUPALIBANK,Neutral,242,True,Late fall,0.3837,0.3857,16.9,17.74,16.22,2026-11-01,open,,,3,,,-0.0118,0.0615
2026-09-30,SEMLLECMF,Neutral,243,True,Late fall,0.0322,0.0387,7.4,7.77,7.1,2026-11-01,open,,,3,,,0.0,0.05
2026-09-30,PAPERPROC,Neutral,244,True,Late fall,0.0292,0.0381,92.2,96.81,88.51,2026-11-01,open,,,3,,,0.0,0.05
2026-09-30,IBBLPBOND,Neutral,245,True,Bottoming,0.3018,0.3111,670.0,770.22,595.59,2026-11-01,open,,,3,,,-0.0015,0.1511
2026-09-30,IBBL2PBOND,Neutral,246,True,Late fall,0.2076,0.2183,3950.0,4147.5,3792.0,2026-11-01,open,,,3,,,0.0042,0.0458
2026-09-30,BERGERPBL,Neutral,247,True,Topping,0.2063,0.2172,1463.2,1536.36,1387.38,2026-11-01,open,,,3,,,-0.0049,0.0549
2026-09-30,PHOENIXFIN,Neutral,248,True,Mid fall,0.3854,0.3976,3.4,3.65,3.16,2026-11-01,closed,Stop,2026-10-05,3,-0.0706,-0.0806,,
2026-09-30,ALARABANK,Neutral,249,True,Mid fall,0.3466,0.3598,15.1,15.86,13.89,2026-11-01,open,,,3,,,-0.0066,0.057
2026-09-30,ACTIVEFINE,Neutral,250,True,Late fall,0.3858,0.3998,5.5,5.78,5.17,2026-11-01,closed,Stop,2026-10-05,3,-0.06,-0.07,,
2026-09-30,GIB,Neutral,251,True,Late fall,0.0348,0.049,1.7,1.78,1.63,2026-11-01,open,,,3,,,0.0,0.0471
2026-09-30,TALLUSPIN,Neutral,252,True,Late fall,0.3699,0.3848,6.7,7.2,6.23,2026-11-01,open,,,3,,,-0.0149,0.0896
2026-09-30,BEXIMCO,Neutral,253,True,Early fall,0.3286,0.3448,21.3,22.36,19.16,2026-11-01,open,,,3,,,-0.0657,0.1155
2026-09-30,MONNOAGML,Neutral,254,True,Topping,0.3547,0.371,307.3,328.36,293.19,2026-11-01,open,,,3,,,-0.029,0.0975
2026-09-30,EXIMBANK,Neutral,255,True,Late fall,0.049,0.0658,3.0,3.15,2.88,2026-11-01,open,,,3,,,0.0,0.05
2026-09-30,UNIONBANK,Neutral,256,True,Late fall,0.0343,0.0524,1.5,1.58,1.44,2026-11-01,open,,,3,,,0.0,0.0533
2026-09-30,FIRSTSBANK,Neutral,257,True,Late fall,0.0327,0.0512,1.9,2.0,1.82,2026-11-01,open,,,3,,,0.0,0.0526
2026-09-30,SIBL,Neutral,258,True,Late fall,0.0441,0.0728,3.0,3.15,2.88,2026-11-01,open,,,3,,,0.0,0.05
2026-09-30,OAL,Neutral,259,True,Late fall,0.3757,0.4078,5.9,6.2,5.6,2026-11-01,open,,,3,,,-0.0169,0.0678
2026-09-30,RSRMSTEEL,Neutral,260,True,Late fall,0.3849,0.4172,6.5,6.82,6.14,2026-11-01,closed,Stop,2026-10-04,2,-0.0554,-0.0654,,
2026-09-30,JAMUNABANK,Neutral,261,True,Late fall,0.2807,0.3141,22.9,24.06,21.98,2026-11-01,open,,,3,,,0.0,0.0507
2026-09-30,IFIC,Neutral,262,True,Early fall,0.3455,0.3839,4.9,5.15,4.55,2026-11-01,open,,,3,,,0.0,0.051
2026-09-30,APSCLBOND,Neutral,263,True,Mid rise,0.2138,0.2533,1060.0,1115.73,1001.32,2026-11-01,open,,,3,,,0.0,0.0526
2026-09-30,UNILEVERCL,Neutral,264,True,Late fall,0.1645,0.2048,1980.0,2079.0,1900.8,2026-11-01,open,,,3,,,-0.0024,0.0524
2026-09-30,UTTARAFIN,Neutral,265,True,Early fall,0.3637,0.408,11.7,12.28,11.05,2026-11-01,open,,,3,,,-0.0342,0.0838
2026-09-30,CENTRALPHL,Neutral,266,True,Late fall,0.3404,0.3849,9.1,9.83,8.79,2026-11-01,closed,Stop,2026-10-05,3,-0.0341,-0.0441,,
2026-09-30,MERCANBANK,Neutral,267,True,Late fall,0.3563,0.4089,6.3,6.62,5.89,2026-11-01,open,,,3,,,-0.0159,0.0667
2026-09-30,RECKITTBEN,Neutral,268,True,Late fall,0.1681,0.2209,3265.0,3428.25,3134.4,2026-11-01,open,,,3,,,-0.0039,0.0539
2026-09-30,AMBEEPHA,Neutral,269,True,Late fall,0.3013,0.3596,751.4,788.97,727.73,2026-11-01,open,,,3,,,-0.0141,0.0641
2026-09-30,NAVANACNG,Neutral,270,True,Topping,0.3159,0.3852,19.5,21.15,18.74,2026-11-01,open,,,3,,,-0.0103,0.0949
2026-09-30,NURANI,Neutral,271,True,Mid fall,0.3575,0.4285,2.8,3.08,2.66,2026-11-01,closed,Take-profit,2026-10-05,3,0.1,0.09,,
2026-09-30,NTC,Neutral,272,True,Late fall,0.2923,0.3649,155.3,171.8,146.24,2026-11-01,open,,,3,,,-0.0212,0.1275
2026-09-30,SEB1PBOND,Neutral,273,True,Mid fall,0.171,0.2445,4380.0,4599.0,4204.8,2026-11-01,open,,,3,,,0.0,0.05
2026-09-30,CNATEX,Neutral,274,True,Early rise,0.2737,0.3501,3.0,3.42,2.75,2026-11-01,open,,,3,,,-0.0333,0.1733
2026-09-30,PREBPBOND,Neutral,275,True,Sideways,0.083,0.161,4465.0,4688.25,4286.4,2026-11-01,open,,,3,,,0.0,0.05
2026-09-30,BIFC,Neutral,276,True,Late fall,0.3575,0.4401,3.4,3.69,3.27,2026-11-01,closed,Stop,2026-10-04,2,-0.0382,-0.0482,,
2026-09-30,SHURWID,Neutral,277,True,Late fall,0.3228,0.4108,5.8,6.32,5.42,2026-11-01,open,,,3,,,-0.0345,0.1241
2026-09-30,BDFINANCE,Neutral,278,True,Late fall,0.3352,0.425,11.3,12.08,10.58,2026-11-01,open,,,3,,,-0.0442,0.1133
2026-09-30,STANCERAM,Neutral,279,True,Bottoming,0.3275,0.4245,65.4,69.02,62.92,2026-11-01,open,,,3,,,-0.0199,0.0752
2026-09-30,UCB,Neutral,280,True,Mid fall,0.215,0.317,8.9,9.74,8.51,2026-11-01,open,,,3,,,-0.0337,0.1281
2026-09-30,LIBRAINFU,Neutral,281,True,Late fall,0.3165,0.4196,569.2,597.66,546.43,2026-11-01,open,,,3,,,-0.0199,0.0699
2026-09-30,ADVENT,Neutral,282,True,Mid rise,0.2973,0.4029,13.5,14.84,12.98,2026-11-01,open,,,3,,,-0.037,0.1363
2026-09-30,OIMEX,Neutral,283,True,Late fall,0.281,0.4039,13.8,15.37,13.11,2026-11-01,open,,,3,,,-0.0435,0.1572
2026-09-30,KPCL,Neutral,284,True,Late fall,0.3248,0.4488,10.6,11.14,10.11,2026-11-01,open,,,3,,,-0.0377,0.0887
2026-09-30,BATBC,Neutral,285,True,Mid fall,0.2695,0.3937,224.5,235.73,216.62,2026-11-01,open,,,3,,,-0.0156,0.0656
2026-09-30,MAKSONSPIN,Neutral,286,True,Mid fall,0.2715,0.4021,5.7,6.15,5.34,2026-11-01,closed,Stop,2026-10-05,3,-0.0632,-0.0732,,
2026-09-30,ALIF,Neutral,287,True,Mid fall,0.2802,0.4127,5.2,5.67,4.87,2026-11-01,open,,,3,,,-0.0577,0.1481
2026-09-30,ONEBANKPLC,Neutral,288,True,Late fall,0.3023,0.4354,7.6,8.12,7.34,2026-11-01,closed,Stop,2026-10-05,3,-0.0342,-0.0442,,
2026-09-30,MIRACLEIND,Neutral,289,True,Late fall,0.3256,0.4596,26.3,27.93,25.23,2026-11-01,closed,Stop,2026-10-05,3,-0.0407,-0.0507,,
2026-09-30,GENNEXT,Neutral,290,True,Mid fall,0.3141,0.4538,2.9,3.07,2.77,2026-11-01,open,,,3,,,0.0,0.0586
2026-09-30,PDL,Neutral,291,True,Late fall,0.2911,0.4309,5.5,5.87,5.25,2026-11-01,open,,,3,,,-0.0182,0.0855
2026-09-30,METROSPIN,Neutral,292,True,Mid fall,0.3193,0.4687,9.6,10.16,9.28,2026-11-01,open,,,3,,,0.0104,0.0479
2026-09-30,ICBIBANK,Neutral,293,True,Late fall,0.2884,0.4509,2.5,2.62,2.38,2026-11-01,open,,,3,,,0.04,0.008
2026-09-30,UNIONCAP,Neutral,294,True,Late fall,0.3072,0.4837,4.2,4.41,4.06,2026-11-01,closed,Stop,2026-10-05,3,-0.0333,-0.0433,,
2026-09-30,BAYLEASING,Neutral,295,True,Late fall,0.2909,0.4951,4.3,4.51,4.01,2026-11-01,closed,Stop,2026-10-05,3,-0.0674,-0.0774,,
2026-09-30,SIPLC,Sell,296,True,Mid rise,0.4516,0.3103,155.5,163.28,136.84,2026-11-01,open,,,3,,,-0.0868,0.1368
2026-09-30,CAPMIBBLMF,Sell,297,True,Late rise,0.4768,0.338,17.1,17.96,15.35,2026-11-01,open,,,3,,,-0.0058,0.0561
2026-09-30,ICICL,Sell,298,True,Late rise,0.4653,0.3272,40.8,42.84,37.62,2026-11-01,open,,,3,,,-0.076,0.126
2026-09-30,ANWARGALV,Sell,299,True,Early rise,0.43,0.2935,117.1,122.96,104.29,2026-11-01,open,,,3,,,-0.0418,0.0919
2026-09-30,GLOBALINS,Sell,300,True,Late rise,0.4312,0.3003,45.6,48.71,42.66,2026-11-01,closed,Stop,2026-10-05,3,-0.0645,-0.0745,,
2026-09-30,MATINSPINN,Sell,301,True,Early rise,0.4354,0.3091,66.8,70.14,60.29,2026-11-01,closed,Take-profit,2026-10-04,2,0.05,0.04,,
2026-09-30,UNIONINS,Sell,302,True,Bottoming,0.4333,0.3079,50.0,53.96,44.72,2026-11-01,open,,,3,,,-0.042,0.1212
2026-09-30,NITOLINS,Sell,303,True,Late rise,0.4366,0.3205,61.2,64.26,57.28,2026-11-01,closed,Stop,2026-10-04,2,-0.0641,-0.0741,,
2026-09-30,CONTININS,Sell,304,True,Bottoming,0.3653,0.2524,34.0,37.72,30.8,2026-11-01,open,,,3,,,-0.0794,0.1888
2026-09-30,NAHEEACP,Sell,305,True,Mid rise,0.3904,0.2789,36.3,41.08,31.94,2026-11-01,open,,,3,,,-0.0331,0.1647
2026-09-30,SEMLIBBLSF,Sell,306,True,Late fall,0.4458,0.3373,8.0,8.41,7.76,2026-11-01,open,,,3,,,-0.025,0.0763
2026-09-30,IPDC,Sell,307,True,Late rise,0.4367,0.3413,35.4,37.17,33.46,2026-11-01,closed,Stop,2026-10-01,1,-0.0548,-0.0648,,
2026-09-30,GREENDELMF,Sell,308,True,Mid rise,0.3897,0.2943,4.9,5.14,4.31,2026-11-01,open,,,3,,,-0.0816,0.1306
2026-09-30,IFILISLMF1,Sell,309,True,Topping,0.3976,0.3105,5.9,6.34,5.27,2026-11-01,open,,,3,,,-0.0169,0.0915
2026-09-30,ASIATICLAB,Sell,310,True,Bottoming,0.4152,0.329,105.7,110.99,100.62,2026-11-01,open,,,3,,,0.0076,0.0425
2026-09-30,PTL,Sell,311,True,Early rise,0.3792,0.2989,85.7,89.99,80.05,2026-11-01,closed,Stop,2026-10-04,2,-0.0659,-0.0759,,
2026-09-30,ICBSONALI1,Sell,312,True,Mid rise,0.4185,0.339,7.9,8.3,6.95,2026-11-01,open,,,3,,,0.0253,0.0253
2026-09-30,TAKAFULINS,Sell,313,True,Mid rise,0.4207,0.3447,53.2,57.32,49.15,2026-11-01,open,,,3,,,-0.0489,0.1263
2026-09-30,UNITEDINS,Sell,314,True,Bottoming,0.398,0.3241,62.6,68.21,58.22,2026-11-01,open,,,3,,,-0.0687,0.1583
2026-09-30,MEGHNAPET,Sell,315,True,Mid rise,0.4116,0.3383,76.1,79.9,66.97,2026-11-01,open,,,3,,,-0.0276,0.0775
2026-09-30,ICB3RDNRB,Sell,316,True,Mid rise,0.3807,0.3082,6.4,6.83,5.65,2026-11-01,open,,,3,,,-0.0625,0.1297
2026-09-30,NRBCBANK,Sell,317,True,Mid fall,0.4179,0.346,9.4,9.87,8.64,2026-11-01,open,,,3,,,-0.0319,0.0819
2026-09-30,GBBPOWER,Sell,318,True,Mid fall,0.415,0.3442,13.1,13.76,11.76,2026-11-01,open,,,3,,,0.0,0.0504
2026-09-30,FEKDIL,Sell,319,True,Bottoming,0.4173,0.3555,22.2,23.31,20.6,2026-11-01,closed,Stop,2026-10-05,3,-0.0721,-0.0821,,
2026-09-30,DHAKAINS,Sell,320,True,Mid rise,0.3052,0.2455,46.5,52.17,42.67,2026-11-01,open,,,3,,,-0.0667,0.1886
2026-09-30,MALEKSPIN,Sell,321,True,Late rise,0.4084,0.3491,48.9,51.34,44.19,2026-11-01,closed,Take-profit,2026-10-04,2,0.0499,0.0399,,
2026-09-30,ZEALBANGLA,Sell,322,True,Late fall,0.4108,0.3564,176.1,184.9,159.63,2026-11-01,closed,Take-profit,2026-10-05,3,0.05,0.04,,
2026-09-30,ICBEPMF1S1,Sell,323,True,Late rise,0.3241,0.2766,6.6,7.42,5.91,2026-11-01,open,,,3,,,-0.0606,0.1848
2026-09-30,SAMORITA,Sell,324,True,Early rise,0.3816,0.3474,94.0,98.7,82.72,2026-11-01,open,,,3,,,-0.0596,0.1096
2026-09-30,RELIANCINS,Sell,325,True,Early rise,0.2759,0.2444,106.3,121.97,95.29,2026-11-01,open,,,3,,,-0.048,0.1954
2026-09-30,REPUBLIC,Sell,326,True,Bottoming,0.3249,0.2937,39.0,43.96,36.15,2026-11-01,open,,,3,,,-0.0692,0.1964
2026-09-30,DULAMIACOT,Sell,327,True,Early rise,0.3984,0.368,215.7,226.48,195.66,2026-11-01,open,,,3,,,-0.0185,0.0685
2026-09-30,SAIHAMTEX,Sell,328,True,Early rise,0.4113,0.3818,40.5,42.52,35.64,2026-11-01,closed,Take-profit,2026-10-01,1,0.0499,0.0399,,
2026-09-30,SICL,Sell,329,True,Bottoming,0.2789,0.2552,37.0,41.68,33.13,2026-11-01,open,,,3,,,-0.0541,0.1805
2026-09-30,ENVOYTEX,Sell,330,True,Late rise,0.3427,0.3208,72.2,75.81,65.31,2026-11-01,open,,,3,,,-0.0097,0.0597
2026-09-30,GLDNJMF,Sell,331,True,Late rise,0.3291,0.3093,9.2,10.0,8.15,2026-11-01,open,,,3,,,-0.0543,0.1413
2026-09-30,APEXSPINN,Sell,332,True,Early rise,0.3436,0.3253,367.1,414.91,323.05,2026-11-01,open,,,3,,,0.0297,0.1005
2026-09-30,SKTRIMS,Sell,333,True,Early rise,0.3308,0.3193,13.8,15.15,12.25,2026-11-01,open,,,3,,,-0.029,0.1268
2026-09-30,NCCBLMF1,Sell,334,True,Bottoming,0.3276,0.3196,6.8,7.62,6.1,2026-11-01,open,,,3,,,-0.0735,0.1941
2026-09-30,1STPRIMFMF,Sell,335,True,Topping,0.3713,0.3658,33.2,36.23,29.22,2026-11-01,open,,,3,,,-0.0783,0.1696
2026-09-30,PHENIXINS,Sell,336,True,Mid fall,0.3239,0.3226,49.0,54.25,44.76,2026-11-01,open,,,3,,,-0.051,0.1582
2026-09-30,UNITEDFIN,Sell,337,True,Bottoming,0.3925,0.3932,17.0,17.85,15.86,2026-11-01,open,,,3,,,-0.0471,0.0971
2026-09-30,UCB2PBOND,Sell,338,True,Sideways,0.0607,0.0615,4700.0,4935.0,4512.0,2026-11-01,open,,,3,,,0.0,0.05
2026-09-30,DEBBXDENIM,Sell,339,True,Sideways,0.0414,0.0428,1450.0,1522.5,1392.0,2026-11-01,open,,,3,,,0.0,0.05
2026-09-30,DEBBXTEX,Sell,340,True,Sideways,0.0414,0.0428,1300.0,1365.0,1248.0,2026-11-01,open,,,3,,,0.0,0.05
2026-09-30,MTBPBOND,Sell,341,True,Sideways,0.0549,0.0574,1000000.0,1050000.0,960000.0,2026-11-01,open,,,3,,,0.0,0.05
2026-09-30,DEBBDLUGG,Sell,342,True,Sideways,0.026,0.0298,784.0,823.2,752.64,2026-11-01,open,,,3,,,0.0,0.05
2026-09-30,DEBBDZIPP,Sell,343,True,Sideways,0.026,0.0298,700.0,735.0,672.0,2026-11-01,open,,,3,,,0.0,0.05
2026-09-30,DEBBXFISH,Sell,344,True,Sideways,0.026,0.0298,835.0,876.75,801.6,2026-11-01,open,,,3,,,0.0,0.05
2026-09-30,DEBBXKNI,Sell,345,True,Sideways,0.026,0.0298,900.0,945.0,864.0,2026-11-01,open,,,3,,,0.0,0.05
2026-09-30,REGENTTEX,Sell,346,True,Bottoming,0.3945,0.3984,6.0,6.3,5.72,2026-11-01,closed,Stop,2026-10-04,2,-0.0467,-0.0567,,
2026-09-30,SALVOCHEM,Sell,347,True,Late rise,0.0311,0.0358,30.4,31.92,29.18,2026-11-01,open,,,3,,,0.0,0.05
2026-09-30,SLIPLC,Sell,348,True,Mid rise,0.033,0.0383,73.8,77.49,70.85,2026-11-01,open,,,3,,,0.0,0.05
2026-09-30,LRGLOBMF1,Sell,349,True,Mid rise,0.2743,0.2806,4.5,5.15,4.03,2026-11-01,open,,,3,,,-0.0667,0.2111
2026-09-30,BDSERVICE,Sell,350,True,Sideways,0.0352,0.0428,5.2,5.46,4.99,2026-11-01,open,,,3,,,0.0,0.05
2026-09-30,MBL1STMF,Sell,351,True,Late rise,0.3862,0.3944,10.8,11.34,9.5,2026-11-01,open,,,3,,,-0.0278,0.0778
2026-09-30,BANKASI1PB,Sell,352,True,Mid rise,0.0735,0.0816,8650.0,9082.5,8304.0,2026-11-01,open,,,3,,,0.0,0.05
2026-09-30,ATCSLGF,Sell,353,True,Late rise,0.029,0.0389,7.5,7.88,7.2,2026-11-01,open,,,3,,,0.0,0.0507
2026-09-30,IFIC1STMF,Sell,354,True,Late fall,0.3951,0.4051,4.0,4.2,3.85,2026-11-01,closed,Stop,2026-10-04,2,-0.0375,-0.0475,,
2026-09-30,AOL,Sell,355,True,Early rise,0.3221,0.3344,17.9,19.11,16.44,2026-11-01,open,,,3,,,0.0056,0.062
2026-09-30,YPL,Sell,356,True,Early rise,0.243,0.2566,21.0,23.76,18.48,2026-11-01,open,,,3,,,-0.0762,0.2076
2026-09-30,CBLPBOND,Sell,357,True,Sideways,0.0524,0.0662,1037500.0,1089375.0,996000.0,2026-11-01,open,,,3,,,0.0,0.05
2026-09-30,BSC,Sell,358,True,Mid fall,0.2966,0.3108,111.0,116.92,106.02,2026-11-01,open,,,3,,,-0.027,0.0804
2026-09-30,DSSL,Sell,359,True,Late fall,0.3728,0.3878,11.3,11.87,10.36,2026-11-01,open,,,3,,,-0.0708,0.1212
2026-09-30,SAVAREFR,Sell,360,True,Sideways,0.0434,0.0594,215.5,226.28,206.88,2026-11-01,open,,,3,,,0.0,0.05
2026-09-30,VAMLBDMF1,Sell,361,True,Late rise,0.0622,0.0822,7.1,7.46,6.82,2026-11-01,open,,,3,,,0.0,0.0507
2026-09-30,ATLASBANG,Sell,362,True,Late fall,0.3844,0.4081,80.1,84.1,75.72,2026-11-01,open,,,3,,,-0.0125,0.0624
2026-09-30,BSRMLTD,Sell,363,True,Late fall,0.3594,0.3835,94.6,99.33,90.82,2026-11-01,open,,,3,,,-0.0095,0.0595
2026-09-30,LHB,Sell,364,True,Mid rise,0.3101,0.3366,52.5,56.03,49.97,2026-11-01,open,,,3,,,-0.0057,0.073
2026-09-30,MARICO,Sell,365,True,Bottoming,0.2138,0.2406,2669.4,2802.87,2562.62,2026-11-01,open,,,3,,,-0.0032,0.0532
2026-09-30,IBP,Sell,366,True,Late fall,0.339,0.3658,15.0,16.14,14.19,2026-11-01,closed,Stop,2026-10-05,3,-0.054,-0.064,,
2026-09-30,ESQUIRENIT,Sell,367,True,Early rise,0.2806,0.3117,23.4,25.84,21.91,2026-11-01,open,,,3,,,-0.0214,0.1256
2026-09-30,EBL,Sell,368,True,Late fall,0.2927,0.3239,22.9,24.35,21.96,2026-11-01,open,,,3,,,-0.0044,0.0677
2026-09-30,SONARGAON,Sell,369,True,Early rise,0.3326,0.3646,114.6,120.38,100.85,2026-11-01,open,,,3,,,-0.0524,0.1028
2026-09-30,PF1STMF,Sell,370,True,Late rise,0.3405,0.3732,18.2,19.11,16.02,2026-11-01,open,,,3,,,-0.0385,0.0885
2026-09-30,SAIHAMCOT,Sell,371,True,Bottoming,0.3196,0.3542,23.7,26.23,21.6,2026-11-01,open,,,3,,,-0.0591,0.1658
2026-09-30,ABBLPBOND,Sell,372,True,Late rise,0.0635,0.099,1060.0,1113.0,1017.6,2026-11-01,open,,,3,,,0.0,0.05
2026-09-30,BXPHARMA,Sell,373,True,Late fall,0.2644,0.3045,147.6,154.98,142.14,2026-11-01,open,,,3,,,-0.0325,0.0825
2026-09-30,BSRMSTEEL,Sell,374,True,Late fall,0.3322,0.3731,83.2,87.36,78.39,2026-11-01,open,,,3,,,-0.0024,0.0524
2026-09-30,ACMEPL,Sell,375,True,Topping,0.3746,0.4171,25.0,26.25,23.72,2026-11-01,closed,Take-profit,2026-10-05,3,0.05,0.04,,
2026-09-30,RENWICKJA,Sell,376,True,Late fall,0.3539,0.3976,727.3,763.66,661.12,2026-11-01,open,,,3,,,-0.0357,0.0857
2026-09-30,ITC,Sell,377,True,Late fall,0.3562,0.4016,44.1,46.31,42.23,2026-11-01,closed,Stop,2026-10-05,3,-0.0424,-0.0524,,
2026-09-30,ARGONDENIM,Sell,378,True,Mid fall,0.3732,0.4199,21.4,22.47,20.32,2026-11-01,closed,Take-profit,2026-10-01,1,0.05,0.04,,
2026-09-30,EBLNRBMF,Sell,379,True,Bottoming,0.2965,0.3436,3.6,4.06,3.36,2026-11-01,open,,,3,,,-0.0556,0.1833
2026-09-30,HWAWELLTEX,Sell,380,True,Mid fall,0.3332,0.3906,46.1,50.89,44.65,2026-11-01,open,,,3,,,0.0434,0.0605
2026-09-30,TECHNODRUG,Sell,381,True,Late fall,0.3303,0.3899,40.4,43.68,38.05,2026-11-01,closed,Stop,2026-10-05,3,-0.0582,-0.0682,,
2026-09-30,EHL,Sell,382,True,Early rise,0.2622,0.3228,84.5,89.8,78.66,2026-11-01,open,,,3,,,-0.0213,0.084
2026-09-30,AAMRATECH,Sell,383,True,Mid fall,0.3228,0.3859,16.6,17.72,15.22,2026-11-01,open,,,3,,,-0.0181,0.0855
2026-09-30,SONALIANSH,Sell,384,True,Mid rise,0.2868,0.3505,220.6,241.12,205.24,2026-11-01,open,,,3,,,0.024,0.069
2026-09-30,RUNNERAUTO,Sell,385,True,Mid fall,0.3391,0.4056,44.5,46.72,41.22,2026-11-01,open,,,3,,,-0.009,0.0589
2026-09-30,FAREASTFIN,Sell,386,True,Late rise,0.1044,0.178,2.1,2.2,2.02,2026-11-01,open,,,3,,,0.0,0.0476
2026-09-30,BATASHOE,Sell,387,True,Late rise,0.1785,0.2563,885.4,929.67,849.98,2026-11-01,open,,,3,,,-0.0027,0.0527
2026-09-30,SHYAMPSUG,Sell,388,True,Late fall,0.3422,0.4229,285.8,300.09,262.68,2026-11-01,closed,Take-profit,2026-10-05,3,0.05,0.04,,
2026-09-30,EXIM1STMF,Sell,389,True,Mid rise,0.3508,0.4325,6.5,6.82,5.72,2026-11-01,open,,,3,,,-0.0462,0.0954
2026-09-30,FASFIN,Sell,390,True,Late rise,0.1055,0.1876,2.5,2.62,2.4,2026-11-01,open,,,3,,,0.0,0.048
2026-09-30,ILFSL,Sell,391,True,Late rise,0.1038,0.1869,2.1,2.2,2.02,2026-11-01,open,,,3,,,0.0,0.0476
2026-09-30,EMERALDOIL,Sell,392,True,Bottoming,0.3027,0.3877,27.9,30.1,24.79,2026-11-01,open,,,3,,,-0.0323,0.1111
2026-09-30,POWERGRID,Sell,393,True,Late fall,0.3326,0.423,37.9,39.8,36.38,2026-11-01,open,,,3,,,-0.0264,0.0765
2026-09-30,GENEXIL,Sell,394,True,Late fall,0.3505,0.443,34.0,35.7,32.48,2026-11-01,closed,Stop,2026-10-04,2,-0.0447,-0.0547,,
2026-09-30,SAPORTL,Sell,395,True,Mid rise,0.324,0.4174,59.7,62.68,57.75,2026-11-01,open,,,3,,,-0.0168,0.0667
2026-09-30,DBLPBOND,Sell,396,True,Mid rise,0.0916,0.1885,6225.0,6536.25,5976.0,2026-11-01,open,,,3,,,0.0,0.05
2026-09-30,KARNAPHULI,Sell,397,True,Mid fall,0.3229,0.4296,53.6,58.9,51.58,2026-11-01,open,,,3,,,-0.0243,0.1231
2026-09-30,IDLC,Sell,398,True,Late fall,0.2706,0.378,42.9,45.04,40.61,2026-11-01,open,,,3,,,-0.0256,0.0755
2026-09-30,ISLAMICFIN,Sell,399,True,Late fall,0.3308,0.4409,10.6,11.13,10.18,2026-11-01,open,,,3,,,-0.0283,0.0783
2026-09-30,BDTHAI,Sell,400,True,Late fall,0.284,0.4028,14.7,16.43,13.75,2026-11-01,closed,Stop,2026-10-05,3,-0.0646,-0.0746,,
2026-09-30,SAIFPOWER,Sell,401,True,Late fall,0.3403,0.4595,7.7,8.09,7.38,2026-11-01,closed,Stop,2026-10-04,2,-0.0416,-0.0516,,
2026-09-30,RINGSHINE,Sell,402,True,Mid fall,0.2952,0.4156,3.8,4.16,3.64,2026-11-01,open,,,3,,,-0.0263,0.1211
2026-09-30,MHSML,Sell,403,True,Early rise,0.2506,0.3731,19.7,22.28,18.44,2026-11-01,open,,,3,,,-0.0305,0.1614
2026-09-30,AGNISYSL,Sell,404,True,Early fall,0.3221,0.4515,27.9,29.3,27.06,2026-11-01,closed,Stop,2026-10-04,2,-0.0301,-0.0401,,
2026-09-30,AIBL1STIMF,Sell,405,True,Late rise,0.2474,0.3768,6.1,6.93,5.52,2026-11-01,open,,,3,,,-0.0656,0.2016
2026-09-30,BDLAMPS,Sell,406,True,Late rise,0.3257,0.4622,224.5,235.73,215.13,2026-11-01,closed,Take-profit,2026-10-04,2,0.05,0.04,,
2026-09-30,BPPL,Sell,407,True,Late fall,0.3268,0.4639,19.0,19.95,17.91,2026-11-01,closed,Stop,2026-10-05,3,-0.0574,-0.0674,,
2026-09-30,APEXTANRY,Sell,408,True,Late fall,0.2936,0.4375,90.6,102.39,85.56,2026-11-01,open,,,3,,,0.0,0.1301
2026-09-30,SAFKOSPINN,Sell,409,True,Late rise,0.291,0.4447,20.8,21.88,19.51,2026-11-01,closed,Take-profit,2026-10-04,2,0.0519,0.0419,,
2026-09-30,TUNGHAI,Sell,410,True,Mid fall,0.313,0.4727,4.2,4.41,3.82,2026-11-01,closed,Take-profit,2026-10-01,1,0.05,0.04,,
2026-09-30,GSPFINANCE,Sell,411,True,Mid fall,0.3194,0.4829,3.5,3.68,3.36,2026-11-01,closed,Stop,2026-10-05,3,-0.04,-0.05,,
2026-09-30,DAFODILCOM,Sell,412,True,Late fall,0.293,0.4585,155.3,163.07,147.32,2026-11-01,open,,,3,,,-0.0174,0.0674
2026-09-30,SOUTHEASTB,Sell,413,True,Early fall,0.2429,0.4089,11.4,11.97,10.83,2026-11-01,open,,,3,,,-0.0175,0.0675
2026-09-30,AZIZPIPES,Sell,414,True,Mid fall,0.2657,0.4362,75.6,82.76,71.08,2026-11-01,open,,,3,,,0.0317,0.063
2026-09-30,DBH,Sell,415,True,Late fall,0.2573,0.436,39.9,41.9,38.3,2026-11-01,open,,,3,,,-0.0201,0.0702
2026-09-30,WMSHIPYARD,Sell,416,True,Late fall,0.2982,0.4819,8.6,9.03,8.34,2026-11-01,closed,Stop,2026-10-05,3,-0.0302,-0.0402,,
2026-09-30,DELTASPINN,Sell,417,True,Early rise,0.2717,0.4628,7.7,8.09,7.12,2026-11-01,open,,,3,,,-0.0519,0.1026
2026-09-30,FIRSTFIN,Sell,418,True,Late fall,0.2545,0.4604,4.4,4.75,4.13,2026-11-01,open,,,3,,,0.0227,0.0568
2026-09-30,EASTRNLUB,Sell,419,True,Mid rise,0.2305,0.4413,1924.7,2020.94,1847.71,2026-11-01,open,,,3,,,-0.0246,0.0746
2026-09-30,APEXFOOT,Sell,420,True,Late fall,0.245,0.4608,201.5,211.58,192.74,2026-11-01,open,,,3,,,-0.0333,0.0833
2026-09-30,BARKAPOWER,Sell,421,True,Mid fall,0.2803,0.5116,10.0,10.5,9.6,2026-11-01,closed,Stop,2026-10-05,3,-0.04,-0.05,,
2026-09-30,PREMIERBAN,Sell,422,True,Late rise,0.2679,0.5211,5.7,5.98,5.47,2026-11-01,closed,Take-profit,2026-10-01,1,0.0491,0.0391,,
2026-09-30,LEGACYFOOT,Sell,423,True,Bottoming,0.2539,0.5306,69.7,73.18,66.9,2026-11-01,open,,,3,,,-0.023,0.0729
2026-09-30,SHASHADNIM,Sell,424,True,Bottoming,0.2234,0.5359,27.4,29.7,25.98,2026-11-01,open,,,3,,,0.0036,0.0803
2026-09-30,ALLTEX,Sell,425,True,Late rise,0.2136,0.5641,23.5,24.95,22.62,2026-11-01,open,,,3,,,-0.0213,0.083
2026-09-30,INTRACO,Sell,426,True,Bottoming,0.2075,0.57,21.9,23.36,21.07,2026-11-01,closed,Take-profit,2026-10-05,3,0.0667,0.0567,,
